Timing Analyzer report for FACE
Tue Feb 25 16:35:41 2025
Quartus Prime Version 23.1std.1 Build 993 05/14/2024 SC Lite Edition


---------------------
; Table of Contents ;
---------------------
  1. Legal Notice
  2. Timing Analyzer Summary
  3. Parallel Compilation
  4. Clocks
  5. Slow 1100mV 85C Model Fmax Summary
  6. Timing Closure Recommendations
  7. Slow 1100mV 85C Model Setup Summary
  8. Slow 1100mV 85C Model Hold Summary
  9. Slow 1100mV 85C Model Recovery Summary
 10. Slow 1100mV 85C Model Removal Summary
 11. Slow 1100mV 85C Model Minimum Pulse Width Summary
 12. Slow 1100mV 85C Model Metastability Summary
 13. Slow 1100mV 0C Model Fmax Summary
 14. Slow 1100mV 0C Model Setup Summary
 15. Slow 1100mV 0C Model Hold Summary
 16. Slow 1100mV 0C Model Recovery Summary
 17. Slow 1100mV 0C Model Removal Summary
 18. Slow 1100mV 0C Model Minimum Pulse Width Summary
 19. Slow 1100mV 0C Model Metastability Summary
 20. Fast 1100mV 85C Model Setup Summary
 21. Fast 1100mV 85C Model Hold Summary
 22. Fast 1100mV 85C Model Recovery Summary
 23. Fast 1100mV 85C Model Removal Summary
 24. Fast 1100mV 85C Model Minimum Pulse Width Summary
 25. Fast 1100mV 85C Model Metastability Summary
 26. Fast 1100mV 0C Model Setup Summary
 27. Fast 1100mV 0C Model Hold Summary
 28. Fast 1100mV 0C Model Recovery Summary
 29. Fast 1100mV 0C Model Removal Summary
 30. Fast 1100mV 0C Model Minimum Pulse Width Summary
 31. Fast 1100mV 0C Model Metastability Summary
 32. Multicorner Timing Analysis Summary
 33. Board Trace Model Assignments
 34. Input Transition Times
 35. Signal Integrity Metrics (Slow 1100mv 0c Model)
 36. Signal Integrity Metrics (Slow 1100mv 85c Model)
 37. Signal Integrity Metrics (Fast 1100mv 0c Model)
 38. Signal Integrity Metrics (Fast 1100mv 85c Model)
 39. Setup Transfers
 40. Hold Transfers
 41. Report TCCS
 42. Report RSKM
 43. Unconstrained Paths Summary
 44. Clock Status Summary
 45. Unconstrained Input Ports
 46. Unconstrained Output Ports
 47. Unconstrained Input Ports
 48. Unconstrained Output Ports
 49. Timing Analyzer Messages



----------------
; Legal Notice ;
----------------
Copyright (C) 2024  Intel Corporation. All rights reserved.
Your use of Intel Corporation's design tools, logic functions 
and other software and tools, and any partner logic 
functions, and any output files from any of the foregoing 
(including device programming or simulation files), and any 
associated documentation or information are expressly subject 
to the terms and conditions of the Intel Program License 
Subscription Agreement, the Intel Quartus Prime License Agreement,
the Intel FPGA IP License Agreement, or other applicable license
agreement, including, without limitation, that your use is for
the sole purpose of programming logic devices manufactured by
Intel and sold by Intel or its authorized distributors.  Please
refer to the applicable agreement for further details, at
https://fpgasoftware.intel.com/eula.



+--------------------------------------------------------------------------------+
; Timing Analyzer Summary                                                        ;
+-----------------------+--------------------------------------------------------+
; Quartus Prime Version ; Version 23.1std.1 Build 993 05/14/2024 SC Lite Edition ;
; Timing Analyzer       ; Legacy Timing Analyzer                                 ;
; Revision Name         ; FACE                                                   ;
; Device Family         ; Cyclone V                                              ;
; Device Name           ; 5CSXFC6D6F31C6                                         ;
; Timing Models         ; Final                                                  ;
; Delay Model           ; Combined                                               ;
; Rise/Fall Delays      ; Enabled                                                ;
+-----------------------+--------------------------------------------------------+


+------------------------------------------+
; Parallel Compilation                     ;
+----------------------------+-------------+
; Processors                 ; Number      ;
+----------------------------+-------------+
; Number detected on machine ; 16          ;
; Maximum allowed            ; 16          ;
;                            ;             ;
; Average used               ; 1.48        ;
; Maximum used               ; 16          ;
;                            ;             ;
; Usage by Processor         ; % Time Used ;
;     Processor 1            ; 100.0%      ;
;     Processor 2            ;   3.5%      ;
;     Processor 3            ;   3.5%      ;
;     Processor 4            ;   3.4%      ;
;     Processor 5            ;   3.3%      ;
;     Processor 6            ;   3.3%      ;
;     Processor 7            ;   3.3%      ;
;     Processor 8            ;   3.3%      ;
;     Processor 9            ;   3.3%      ;
;     Processor 10           ;   3.3%      ;
;     Processor 11           ;   3.3%      ;
;     Processor 12           ;   3.3%      ;
;     Processor 13           ;   3.3%      ;
;     Processors 14-16       ;   2.6%      ;
+----------------------------+-------------+


+---------------------------------------------------------------------------------------------------------------------------------------------------------------------------------------------------------------------------------------------------------------------------------------------------------------------------------------------------------------------------------------------------------------------------------------------------------------------------------------------------------+
; Clocks                                                                                                                                                                                                                                                                                                                                                                                                                                                                                                  ;
+------------------------------------------------------------------------------------+-----------+----------+------------+-------+----------+------------+-----------+-------------+-------+--------+-----------+------------+----------+------------------------------------------------------------------------------------+-----------------------------------------------------------------------------------+----------------------------------------------------------------------------------------+
; Clock Name                                                                         ; Type      ; Period   ; Frequency  ; Rise  ; Fall     ; Duty Cycle ; Divide by ; Multiply by ; Phase ; Offset ; Edge List ; Edge Shift ; Inverted ; Master                                                                             ; Source                                                                            ; Targets                                                                                ;
+------------------------------------------------------------------------------------+-----------+----------+------------+-------+----------+------------+-----------+-------------+-------+--------+-----------+------------+----------+------------------------------------------------------------------------------------+-----------------------------------------------------------------------------------+----------------------------------------------------------------------------------------+
; AUD_BCLK                                                                           ; Base      ; 1.000    ; 1000.0 MHz ; 0.000 ; 0.500    ;            ;           ;             ;       ;        ;           ;            ;          ;                                                                                    ;                                                                                   ; { AUD_BCLK }                                                                           ;
; clock_50                                                                           ; Base      ; 20.000   ; 50.0 MHz   ; 0.000 ; 10.000   ;            ;           ;             ;       ;        ;           ;            ;          ;                                                                                    ;                                                                                   ; { clock_50 }                                                                           ;
; inst1|pll_main_inst|altera_pll_i|cyclonev_pll|counter[0].output_counter|divclk     ; Generated ; 83.333   ; 12.0 MHz   ; 0.000 ; 41.666   ; 50.00      ; 25        ; 1           ;       ;        ;           ;            ; false    ; inst1|pll_main_inst|altera_pll_i|cyclonev_pll|fpll_0|fpll|vcoph[0]                 ; inst1|pll_main_inst|altera_pll_i|cyclonev_pll|counter[0].output_counter|vco0ph[0] ; { inst1|pll_main_inst|altera_pll_i|cyclonev_pll|counter[0].output_counter|divclk }     ;
; inst1|pll_main_inst|altera_pll_i|cyclonev_pll|counter[1].output_counter|cascadeout ; Generated ; 833.333  ; 1.2 MHz    ; 0.000 ; 416.666  ; 50.00      ; 250       ; 1           ;       ;        ;           ;            ; false    ; inst1|pll_main_inst|altera_pll_i|cyclonev_pll|fpll_0|fpll|vcoph[0]                 ; inst1|pll_main_inst|altera_pll_i|cyclonev_pll|counter[1].output_counter|vco0ph[0] ; { inst1|pll_main_inst|altera_pll_i|cyclonev_pll|counter[1].output_counter|cascadeout } ;
; inst1|pll_main_inst|altera_pll_i|cyclonev_pll|counter[2].output_counter|divclk     ; Generated ; 2500.000 ; 0.4 MHz    ; 0.000 ; 1250.000 ; 50.00      ; 3         ; 1           ;       ;        ;           ;            ; false    ; inst1|pll_main_inst|altera_pll_i|cyclonev_pll|counter[1].output_counter|cascadeout ; inst1|pll_main_inst|altera_pll_i|cyclonev_pll|counter[2].output_counter|cascadein ; { inst1|pll_main_inst|altera_pll_i|cyclonev_pll|counter[2].output_counter|divclk }     ;
; inst1|pll_main_inst|altera_pll_i|cyclonev_pll|fpll_0|fpll|vcoph[0]                 ; Generated ; 3.333    ; 300.0 MHz  ; 0.000 ; 1.666    ; 50.00      ; 2         ; 12          ;       ;        ;           ;            ; false    ; clock_50                                                                           ; inst1|pll_main_inst|altera_pll_i|cyclonev_pll|fpll_0|fpll|refclkin                ; { inst1|pll_main_inst|altera_pll_i|cyclonev_pll|fpll_0|fpll|vcoph[0] }                 ;
; oneshot_i2c:inst2|i2c_master:inst|data_clk                                         ; Base      ; 1.000    ; 1000.0 MHz ; 0.000 ; 0.500    ;            ;           ;             ;       ;        ;           ;            ;          ;                                                                                    ;                                                                                   ; { oneshot_i2c:inst2|i2c_master:inst|data_clk }                                         ;
+------------------------------------------------------------------------------------+-----------+----------+------------+-------+----------+------------+-----------+-------------+-------+--------+-----------+------------+----------+------------------------------------------------------------------------------------+-----------------------------------------------------------------------------------+----------------------------------------------------------------------------------------+


+----------------------------------------------------------------------------------------------------------------------+
; Slow 1100mV 85C Model Fmax Summary                                                                                   ;
+------------+-----------------+--------------------------------------------------------------------------------+------+
; Fmax       ; Restricted Fmax ; Clock Name                                                                     ; Note ;
+------------+-----------------+--------------------------------------------------------------------------------+------+
; 75.96 MHz  ; 75.96 MHz       ; inst1|pll_main_inst|altera_pll_i|cyclonev_pll|counter[2].output_counter|divclk ;      ;
; 180.08 MHz ; 180.08 MHz      ; inst1|pll_main_inst|altera_pll_i|cyclonev_pll|counter[0].output_counter|divclk ;      ;
; 228.62 MHz ; 228.62 MHz      ; oneshot_i2c:inst2|i2c_master:inst|data_clk                                     ;      ;
; 290.44 MHz ; 290.44 MHz      ; AUD_BCLK                                                                       ;      ;
+------------+-----------------+--------------------------------------------------------------------------------+------+
This panel reports FMAX for every clock in the design, regardless of the user-specified clock periods.  FMAX is only computed for paths where the source and destination registers or ports are driven by the same clock.  Paths of different clocks, including generated clocks, are ignored.  For paths between a clock and its inversion, FMAX is computed as if the rising and falling edges are scaled along with FMAX, such that the duty cycle (in terms of a percentage) is maintained. Altera recommends that you always use clock constraints and other slack reports for sign-off analysis.


----------------------------------
; Timing Closure Recommendations ;
----------------------------------
HTML report is unavailable in plain text report export.


+---------------------------------------------------------------------------------------------------------+
; Slow 1100mV 85C Model Setup Summary                                                                     ;
+--------------------------------------------------------------------------------+--------+---------------+
; Clock                                                                          ; Slack  ; End Point TNS ;
+--------------------------------------------------------------------------------+--------+---------------+
; oneshot_i2c:inst2|i2c_master:inst|data_clk                                     ; -9.533 ; -142.526      ;
; inst1|pll_main_inst|altera_pll_i|cyclonev_pll|counter[2].output_counter|divclk ; -6.893 ; -35.654       ;
; AUD_BCLK                                                                       ; -2.443 ; -96.713       ;
; inst1|pll_main_inst|altera_pll_i|cyclonev_pll|counter[0].output_counter|divclk ; 38.890 ; 0.000         ;
+--------------------------------------------------------------------------------+--------+---------------+


+---------------------------------------------------------------------------------------------------------+
; Slow 1100mV 85C Model Hold Summary                                                                      ;
+--------------------------------------------------------------------------------+--------+---------------+
; Clock                                                                          ; Slack  ; End Point TNS ;
+--------------------------------------------------------------------------------+--------+---------------+
; inst1|pll_main_inst|altera_pll_i|cyclonev_pll|counter[2].output_counter|divclk ; -7.708 ; -88.424       ;
; inst1|pll_main_inst|altera_pll_i|cyclonev_pll|counter[0].output_counter|divclk ; 0.284  ; 0.000         ;
; AUD_BCLK                                                                       ; 0.326  ; 0.000         ;
; oneshot_i2c:inst2|i2c_master:inst|data_clk                                     ; 0.479  ; 0.000         ;
+--------------------------------------------------------------------------------+--------+---------------+


------------------------------------------
; Slow 1100mV 85C Model Recovery Summary ;
------------------------------------------
No paths to report.


-----------------------------------------
; Slow 1100mV 85C Model Removal Summary ;
-----------------------------------------
No paths to report.


+---------------------------------------------------------------------------------------------------------------+
; Slow 1100mV 85C Model Minimum Pulse Width Summary                                                             ;
+------------------------------------------------------------------------------------+----------+---------------+
; Clock                                                                              ; Slack    ; End Point TNS ;
+------------------------------------------------------------------------------------+----------+---------------+
; AUD_BCLK                                                                           ; -2.174   ; -139.374      ;
; oneshot_i2c:inst2|i2c_master:inst|data_clk                                         ; -0.394   ; -13.803       ;
; inst1|pll_main_inst|altera_pll_i|cyclonev_pll|fpll_0|fpll|vcoph[0]                 ; 1.666    ; 0.000         ;
; clock_50                                                                           ; 9.670    ; 0.000         ;
; inst1|pll_main_inst|altera_pll_i|cyclonev_pll|counter[0].output_counter|divclk     ; 40.454   ; 0.000         ;
; inst1|pll_main_inst|altera_pll_i|cyclonev_pll|counter[1].output_counter|cascadeout ; 416.666  ; 0.000         ;
; inst1|pll_main_inst|altera_pll_i|cyclonev_pll|counter[2].output_counter|divclk     ; 1249.293 ; 0.000         ;
+------------------------------------------------------------------------------------+----------+---------------+


-----------------------------------------------
; Slow 1100mV 85C Model Metastability Summary ;
-----------------------------------------------
Design MTBF is not calculated because the design doesn't meet its timing requirements.



+----------------------------------------------------------------------------------------------------------------------+
; Slow 1100mV 0C Model Fmax Summary                                                                                    ;
+------------+-----------------+--------------------------------------------------------------------------------+------+
; Fmax       ; Restricted Fmax ; Clock Name                                                                     ; Note ;
+------------+-----------------+--------------------------------------------------------------------------------+------+
; 79.09 MHz  ; 79.09 MHz       ; inst1|pll_main_inst|altera_pll_i|cyclonev_pll|counter[2].output_counter|divclk ;      ;
; 178.92 MHz ; 178.92 MHz      ; inst1|pll_main_inst|altera_pll_i|cyclonev_pll|counter[0].output_counter|divclk ;      ;
; 233.21 MHz ; 233.21 MHz      ; oneshot_i2c:inst2|i2c_master:inst|data_clk                                     ;      ;
; 298.42 MHz ; 298.42 MHz      ; AUD_BCLK                                                                       ;      ;
+------------+-----------------+--------------------------------------------------------------------------------+------+
This panel reports FMAX for every clock in the design, regardless of the user-specified clock periods.  FMAX is only computed for paths where the source and destination registers or ports are driven by the same clock.  Paths of different clocks, including generated clocks, are ignored.  For paths between a clock and its inversion, FMAX is computed as if the rising and falling edges are scaled along with FMAX, such that the duty cycle (in terms of a percentage) is maintained. Altera recommends that you always use clock constraints and other slack reports for sign-off analysis.


+---------------------------------------------------------------------------------------------------------+
; Slow 1100mV 0C Model Setup Summary                                                                      ;
+--------------------------------------------------------------------------------+--------+---------------+
; Clock                                                                          ; Slack  ; End Point TNS ;
+--------------------------------------------------------------------------------+--------+---------------+
; oneshot_i2c:inst2|i2c_master:inst|data_clk                                     ; -9.752 ; -144.198      ;
; inst1|pll_main_inst|altera_pll_i|cyclonev_pll|counter[2].output_counter|divclk ; -6.091 ; -30.343       ;
; AUD_BCLK                                                                       ; -2.351 ; -91.604       ;
; inst1|pll_main_inst|altera_pll_i|cyclonev_pll|counter[0].output_counter|divclk ; 38.872 ; 0.000         ;
+--------------------------------------------------------------------------------+--------+---------------+


+---------------------------------------------------------------------------------------------------------+
; Slow 1100mV 0C Model Hold Summary                                                                       ;
+--------------------------------------------------------------------------------+--------+---------------+
; Clock                                                                          ; Slack  ; End Point TNS ;
+--------------------------------------------------------------------------------+--------+---------------+
; inst1|pll_main_inst|altera_pll_i|cyclonev_pll|counter[2].output_counter|divclk ; -7.968 ; -95.934       ;
; AUD_BCLK                                                                       ; 0.263  ; 0.000         ;
; inst1|pll_main_inst|altera_pll_i|cyclonev_pll|counter[0].output_counter|divclk ; 0.270  ; 0.000         ;
; oneshot_i2c:inst2|i2c_master:inst|data_clk                                     ; 0.452  ; 0.000         ;
+--------------------------------------------------------------------------------+--------+---------------+


-----------------------------------------
; Slow 1100mV 0C Model Recovery Summary ;
-----------------------------------------
No paths to report.


----------------------------------------
; Slow 1100mV 0C Model Removal Summary ;
----------------------------------------
No paths to report.


+---------------------------------------------------------------------------------------------------------------+
; Slow 1100mV 0C Model Minimum Pulse Width Summary                                                              ;
+------------------------------------------------------------------------------------+----------+---------------+
; Clock                                                                              ; Slack    ; End Point TNS ;
+------------------------------------------------------------------------------------+----------+---------------+
; AUD_BCLK                                                                           ; -2.174   ; -137.949      ;
; oneshot_i2c:inst2|i2c_master:inst|data_clk                                         ; -0.394   ; -13.874       ;
; inst1|pll_main_inst|altera_pll_i|cyclonev_pll|fpll_0|fpll|vcoph[0]                 ; 1.666    ; 0.000         ;
; clock_50                                                                           ; 9.673    ; 0.000         ;
; inst1|pll_main_inst|altera_pll_i|cyclonev_pll|counter[0].output_counter|divclk     ; 40.433   ; 0.000         ;
; inst1|pll_main_inst|altera_pll_i|cyclonev_pll|counter[1].output_counter|cascadeout ; 416.666  ; 0.000         ;
; inst1|pll_main_inst|altera_pll_i|cyclonev_pll|counter[2].output_counter|divclk     ; 1249.252 ; 0.000         ;
+------------------------------------------------------------------------------------+----------+---------------+


----------------------------------------------
; Slow 1100mV 0C Model Metastability Summary ;
----------------------------------------------
Design MTBF is not calculated because the design doesn't meet its timing requirements.



+---------------------------------------------------------------------------------------------------------+
; Fast 1100mV 85C Model Setup Summary                                                                     ;
+--------------------------------------------------------------------------------+--------+---------------+
; Clock                                                                          ; Slack  ; End Point TNS ;
+--------------------------------------------------------------------------------+--------+---------------+
; oneshot_i2c:inst2|i2c_master:inst|data_clk                                     ; -6.481 ; -92.214       ;
; inst1|pll_main_inst|altera_pll_i|cyclonev_pll|counter[2].output_counter|divclk ; -4.710 ; -24.474       ;
; AUD_BCLK                                                                       ; -0.993 ; -35.242       ;
; inst1|pll_main_inst|altera_pll_i|cyclonev_pll|counter[0].output_counter|divclk ; 39.989 ; 0.000         ;
+--------------------------------------------------------------------------------+--------+---------------+


+---------------------------------------------------------------------------------------------------------+
; Fast 1100mV 85C Model Hold Summary                                                                      ;
+--------------------------------------------------------------------------------+--------+---------------+
; Clock                                                                          ; Slack  ; End Point TNS ;
+--------------------------------------------------------------------------------+--------+---------------+
; inst1|pll_main_inst|altera_pll_i|cyclonev_pll|counter[2].output_counter|divclk ; -5.896 ; -75.512       ;
; AUD_BCLK                                                                       ; 0.147  ; 0.000         ;
; inst1|pll_main_inst|altera_pll_i|cyclonev_pll|counter[0].output_counter|divclk ; 0.169  ; 0.000         ;
; oneshot_i2c:inst2|i2c_master:inst|data_clk                                     ; 0.216  ; 0.000         ;
+--------------------------------------------------------------------------------+--------+---------------+


------------------------------------------
; Fast 1100mV 85C Model Recovery Summary ;
------------------------------------------
No paths to report.


-----------------------------------------
; Fast 1100mV 85C Model Removal Summary ;
-----------------------------------------
No paths to report.


+---------------------------------------------------------------------------------------------------------------+
; Fast 1100mV 85C Model Minimum Pulse Width Summary                                                             ;
+------------------------------------------------------------------------------------+----------+---------------+
; Clock                                                                              ; Slack    ; End Point TNS ;
+------------------------------------------------------------------------------------+----------+---------------+
; AUD_BCLK                                                                           ; -2.174   ; -143.688      ;
; oneshot_i2c:inst2|i2c_master:inst|data_clk                                         ; 0.115    ; 0.000         ;
; inst1|pll_main_inst|altera_pll_i|cyclonev_pll|fpll_0|fpll|vcoph[0]                 ; 1.666    ; 0.000         ;
; clock_50                                                                           ; 9.336    ; 0.000         ;
; inst1|pll_main_inst|altera_pll_i|cyclonev_pll|counter[0].output_counter|divclk     ; 40.556   ; 0.000         ;
; inst1|pll_main_inst|altera_pll_i|cyclonev_pll|counter[1].output_counter|cascadeout ; 416.666  ; 0.000         ;
; inst1|pll_main_inst|altera_pll_i|cyclonev_pll|counter[2].output_counter|divclk     ; 1249.551 ; 0.000         ;
+------------------------------------------------------------------------------------+----------+---------------+


-----------------------------------------------
; Fast 1100mV 85C Model Metastability Summary ;
-----------------------------------------------
Design MTBF is not calculated because the design doesn't meet its timing requirements.



+---------------------------------------------------------------------------------------------------------+
; Fast 1100mV 0C Model Setup Summary                                                                      ;
+--------------------------------------------------------------------------------+--------+---------------+
; Clock                                                                          ; Slack  ; End Point TNS ;
+--------------------------------------------------------------------------------+--------+---------------+
; oneshot_i2c:inst2|i2c_master:inst|data_clk                                     ; -6.506 ; -91.506       ;
; inst1|pll_main_inst|altera_pll_i|cyclonev_pll|counter[2].output_counter|divclk ; -3.572 ; -17.438       ;
; AUD_BCLK                                                                       ; -0.799 ; -27.656       ;
; inst1|pll_main_inst|altera_pll_i|cyclonev_pll|counter[0].output_counter|divclk ; 40.138 ; 0.000         ;
+--------------------------------------------------------------------------------+--------+---------------+


+---------------------------------------------------------------------------------------------------------+
; Fast 1100mV 0C Model Hold Summary                                                                       ;
+--------------------------------------------------------------------------------+--------+---------------+
; Clock                                                                          ; Slack  ; End Point TNS ;
+--------------------------------------------------------------------------------+--------+---------------+
; inst1|pll_main_inst|altera_pll_i|cyclonev_pll|counter[2].output_counter|divclk ; -6.054 ; -82.042       ;
; AUD_BCLK                                                                       ; 0.094  ; 0.000         ;
; inst1|pll_main_inst|altera_pll_i|cyclonev_pll|counter[0].output_counter|divclk ; 0.153  ; 0.000         ;
; oneshot_i2c:inst2|i2c_master:inst|data_clk                                     ; 0.185  ; 0.000         ;
+--------------------------------------------------------------------------------+--------+---------------+


-----------------------------------------
; Fast 1100mV 0C Model Recovery Summary ;
-----------------------------------------
No paths to report.


----------------------------------------
; Fast 1100mV 0C Model Removal Summary ;
----------------------------------------
No paths to report.


+---------------------------------------------------------------------------------------------------------------+
; Fast 1100mV 0C Model Minimum Pulse Width Summary                                                              ;
+------------------------------------------------------------------------------------+----------+---------------+
; Clock                                                                              ; Slack    ; End Point TNS ;
+------------------------------------------------------------------------------------+----------+---------------+
; AUD_BCLK                                                                           ; -2.174   ; -151.238      ;
; oneshot_i2c:inst2|i2c_master:inst|data_clk                                         ; 0.126    ; 0.000         ;
; inst1|pll_main_inst|altera_pll_i|cyclonev_pll|fpll_0|fpll|vcoph[0]                 ; 1.666    ; 0.000         ;
; clock_50                                                                           ; 9.286    ; 0.000         ;
; inst1|pll_main_inst|altera_pll_i|cyclonev_pll|counter[0].output_counter|divclk     ; 40.557   ; 0.000         ;
; inst1|pll_main_inst|altera_pll_i|cyclonev_pll|counter[1].output_counter|cascadeout ; 416.666  ; 0.000         ;
; inst1|pll_main_inst|altera_pll_i|cyclonev_pll|counter[2].output_counter|divclk     ; 1249.541 ; 0.000         ;
+------------------------------------------------------------------------------------+----------+---------------+


----------------------------------------------
; Fast 1100mV 0C Model Metastability Summary ;
----------------------------------------------
Design MTBF is not calculated because the design doesn't meet its timing requirements.



+-----------------------------------------------------------------------------------------------------------------------------------------------------+
; Multicorner Timing Analysis Summary                                                                                                                 ;
+-------------------------------------------------------------------------------------+----------+---------+----------+---------+---------------------+
; Clock                                                                               ; Setup    ; Hold    ; Recovery ; Removal ; Minimum Pulse Width ;
+-------------------------------------------------------------------------------------+----------+---------+----------+---------+---------------------+
; Worst-case Slack                                                                    ; -9.752   ; -7.968  ; N/A      ; N/A     ; -2.174              ;
;  AUD_BCLK                                                                           ; -2.443   ; 0.094   ; N/A      ; N/A     ; -2.174              ;
;  clock_50                                                                           ; N/A      ; N/A     ; N/A      ; N/A     ; 9.286               ;
;  inst1|pll_main_inst|altera_pll_i|cyclonev_pll|counter[0].output_counter|divclk     ; 38.872   ; 0.153   ; N/A      ; N/A     ; 40.433              ;
;  inst1|pll_main_inst|altera_pll_i|cyclonev_pll|counter[1].output_counter|cascadeout ; N/A      ; N/A     ; N/A      ; N/A     ; 416.666             ;
;  inst1|pll_main_inst|altera_pll_i|cyclonev_pll|counter[2].output_counter|divclk     ; -6.893   ; -7.968  ; N/A      ; N/A     ; 1249.252            ;
;  inst1|pll_main_inst|altera_pll_i|cyclonev_pll|fpll_0|fpll|vcoph[0]                 ; N/A      ; N/A     ; N/A      ; N/A     ; 1.666               ;
;  oneshot_i2c:inst2|i2c_master:inst|data_clk                                         ; -9.752   ; 0.185   ; N/A      ; N/A     ; -0.394              ;
; Design-wide TNS                                                                     ; -274.893 ; -95.934 ; 0.0      ; 0.0     ; -153.177            ;
;  AUD_BCLK                                                                           ; -96.713  ; 0.000   ; N/A      ; N/A     ; -151.238            ;
;  clock_50                                                                           ; N/A      ; N/A     ; N/A      ; N/A     ; 0.000               ;
;  inst1|pll_main_inst|altera_pll_i|cyclonev_pll|counter[0].output_counter|divclk     ; 0.000    ; 0.000   ; N/A      ; N/A     ; 0.000               ;
;  inst1|pll_main_inst|altera_pll_i|cyclonev_pll|counter[1].output_counter|cascadeout ; N/A      ; N/A     ; N/A      ; N/A     ; 0.000               ;
;  inst1|pll_main_inst|altera_pll_i|cyclonev_pll|counter[2].output_counter|divclk     ; -35.654  ; -95.934 ; N/A      ; N/A     ; 0.000               ;
;  inst1|pll_main_inst|altera_pll_i|cyclonev_pll|fpll_0|fpll|vcoph[0]                 ; N/A      ; N/A     ; N/A      ; N/A     ; 0.000               ;
;  oneshot_i2c:inst2|i2c_master:inst|data_clk                                         ; -144.198 ; 0.000   ; N/A      ; N/A     ; -13.874             ;
+-------------------------------------------------------------------------------------+----------+---------+----------+---------+---------------------+


+---------------------------------------------------------------------------------------------------------------------------------------------------------------------------------------------------------------------------------------------------------------------------------------------------------------------------------------------------------------------------------------------------------------+
; Board Trace Model Assignments                                                                                                                                                                                                                                                                                                                                                                                 ;
+------------+--------------+-------------------+-------------------------+-------------------------+---------------+---------------------+----------------+------------------+--------+------------------+------------------------+------------------------+--------------+---------------+-----------------+-------+---------------------+--------------------+---------------+-----------------+-------------+
; Pin        ; I/O Standard ; Near Tline Length ; Near Tline L per Length ; Near Tline C per Length ; Near Series R ; Near Differential R ; Near Pull-up R ; Near Pull-down R ; Near C ; Far Tline Length ; Far Tline L per Length ; Far Tline C per Length ; Far Series R ; Far Pull-up R ; Far Pull-down R ; Far C ; Termination Voltage ; Far Differential R ; EBD File Name ; EBD Signal Name ; EBD Far-end ;
+------------+--------------+-------------------+-------------------------+-------------------------+---------------+---------------------+----------------+------------------+--------+------------------+------------------------+------------------------+--------------+---------------+-----------------+-------+---------------------+--------------------+---------------+-----------------+-------------+
; I2C_SDA    ; 3.3-V LVTTL  ; 0 in              ; 0 H/in                  ; 0 F/in                  ; short         ; -                   ; open           ; open             ; open   ; 0 in             ; 0 H/in                 ; 0 F/in                 ; short        ; open          ; open            ; open  ; 0 V                 ; -                  ; n/a           ; n/a             ; n/a         ;
; AUD_XCK    ; 3.3-V LVTTL  ; 0 in              ; 0 H/in                  ; 0 F/in                  ; short         ; -                   ; open           ; open             ; open   ; 0 in             ; 0 H/in                 ; 0 F/in                 ; short        ; open          ; open            ; open  ; 0 V                 ; -                  ; n/a           ; n/a             ; n/a         ;
; AUD_DACDAT ; 3.3-V LVTTL  ; 0 in              ; 0 H/in                  ; 0 F/in                  ; short         ; -                   ; open           ; open             ; open   ; 0 in             ; 0 H/in                 ; 0 F/in                 ; short        ; open          ; open            ; open  ; 0 V                 ; -                  ; n/a           ; n/a             ; n/a         ;
; I2C_SCL    ; 3.3-V LVTTL  ; 0 in              ; 0 H/in                  ; 0 F/in                  ; short         ; -                   ; open           ; open             ; open   ; 0 in             ; 0 H/in                 ; 0 F/in                 ; short        ; open          ; open            ; open  ; 0 V                 ; -                  ; n/a           ; n/a             ; n/a         ;
; LED9       ; 3.3-V LVTTL  ; 0 in              ; 0 H/in                  ; 0 F/in                  ; short         ; -                   ; open           ; open             ; open   ; 0 in             ; 0 H/in                 ; 0 F/in                 ; short        ; open          ; open            ; open  ; 0 V                 ; -                  ; n/a           ; n/a             ; n/a         ;
; LED8       ; 3.3-V LVTTL  ; 0 in              ; 0 H/in                  ; 0 F/in                  ; short         ; -                   ; open           ; open             ; open   ; 0 in             ; 0 H/in                 ; 0 F/in                 ; short        ; open          ; open            ; open  ; 0 V                 ; -                  ; n/a           ; n/a             ; n/a         ;
; LED7       ; 3.3-V LVTTL  ; 0 in              ; 0 H/in                  ; 0 F/in                  ; short         ; -                   ; open           ; open             ; open   ; 0 in             ; 0 H/in                 ; 0 F/in                 ; short        ; open          ; open            ; open  ; 0 V                 ; -                  ; n/a           ; n/a             ; n/a         ;
; LED6       ; 3.3-V LVTTL  ; 0 in              ; 0 H/in                  ; 0 F/in                  ; short         ; -                   ; open           ; open             ; open   ; 0 in             ; 0 H/in                 ; 0 F/in                 ; short        ; open          ; open            ; open  ; 0 V                 ; -                  ; n/a           ; n/a             ; n/a         ;
; HEX0[6]    ; 3.3-V LVTTL  ; 0 in              ; 0 H/in                  ; 0 F/in                  ; short         ; -                   ; open           ; open             ; open   ; 0 in             ; 0 H/in                 ; 0 F/in                 ; short        ; open          ; open            ; open  ; 0 V                 ; -                  ; n/a           ; n/a             ; n/a         ;
; HEX0[5]    ; 3.3-V LVTTL  ; 0 in              ; 0 H/in                  ; 0 F/in                  ; short         ; -                   ; open           ; open             ; open   ; 0 in             ; 0 H/in                 ; 0 F/in                 ; short        ; open          ; open            ; open  ; 0 V                 ; -                  ; n/a           ; n/a             ; n/a         ;
; HEX0[4]    ; 3.3-V LVTTL  ; 0 in              ; 0 H/in                  ; 0 F/in                  ; short         ; -                   ; open           ; open             ; open   ; 0 in             ; 0 H/in                 ; 0 F/in                 ; short        ; open          ; open            ; open  ; 0 V                 ; -                  ; n/a           ; n/a             ; n/a         ;
; HEX0[3]    ; 3.3-V LVTTL  ; 0 in              ; 0 H/in                  ; 0 F/in                  ; short         ; -                   ; open           ; open             ; open   ; 0 in             ; 0 H/in                 ; 0 F/in                 ; short        ; open          ; open            ; open  ; 0 V                 ; -                  ; n/a           ; n/a             ; n/a         ;
; HEX0[2]    ; 3.3-V LVTTL  ; 0 in              ; 0 H/in                  ; 0 F/in                  ; short         ; -                   ; open           ; open             ; open   ; 0 in             ; 0 H/in                 ; 0 F/in                 ; short        ; open          ; open            ; open  ; 0 V                 ; -                  ; n/a           ; n/a             ; n/a         ;
; HEX0[1]    ; 3.3-V LVTTL  ; 0 in              ; 0 H/in                  ; 0 F/in                  ; short         ; -                   ; open           ; open             ; open   ; 0 in             ; 0 H/in                 ; 0 F/in                 ; short        ; open          ; open            ; open  ; 0 V                 ; -                  ; n/a           ; n/a             ; n/a         ;
; HEX0[0]    ; 3.3-V LVTTL  ; 0 in              ; 0 H/in                  ; 0 F/in                  ; short         ; -                   ; open           ; open             ; open   ; 0 in             ; 0 H/in                 ; 0 F/in                 ; short        ; open          ; open            ; open  ; 0 V                 ; -                  ; n/a           ; n/a             ; n/a         ;
; HEX1[6]    ; 3.3-V LVTTL  ; 0 in              ; 0 H/in                  ; 0 F/in                  ; short         ; -                   ; open           ; open             ; open   ; 0 in             ; 0 H/in                 ; 0 F/in                 ; short        ; open          ; open            ; open  ; 0 V                 ; -                  ; n/a           ; n/a             ; n/a         ;
; HEX1[5]    ; 3.3-V LVTTL  ; 0 in              ; 0 H/in                  ; 0 F/in                  ; short         ; -                   ; open           ; open             ; open   ; 0 in             ; 0 H/in                 ; 0 F/in                 ; short        ; open          ; open            ; open  ; 0 V                 ; -                  ; n/a           ; n/a             ; n/a         ;
; HEX1[4]    ; 3.3-V LVTTL  ; 0 in              ; 0 H/in                  ; 0 F/in                  ; short         ; -                   ; open           ; open             ; open   ; 0 in             ; 0 H/in                 ; 0 F/in                 ; short        ; open          ; open            ; open  ; 0 V                 ; -                  ; n/a           ; n/a             ; n/a         ;
; HEX1[3]    ; 3.3-V LVTTL  ; 0 in              ; 0 H/in                  ; 0 F/in                  ; short         ; -                   ; open           ; open             ; open   ; 0 in             ; 0 H/in                 ; 0 F/in                 ; short        ; open          ; open            ; open  ; 0 V                 ; -                  ; n/a           ; n/a             ; n/a         ;
; HEX1[2]    ; 3.3-V LVTTL  ; 0 in              ; 0 H/in                  ; 0 F/in                  ; short         ; -                   ; open           ; open             ; open   ; 0 in             ; 0 H/in                 ; 0 F/in                 ; short        ; open          ; open            ; open  ; 0 V                 ; -                  ; n/a           ; n/a             ; n/a         ;
; HEX1[1]    ; 3.3-V LVTTL  ; 0 in              ; 0 H/in                  ; 0 F/in                  ; short         ; -                   ; open           ; open             ; open   ; 0 in             ; 0 H/in                 ; 0 F/in                 ; short        ; open          ; open            ; open  ; 0 V                 ; -                  ; n/a           ; n/a             ; n/a         ;
; HEX1[0]    ; 3.3-V LVTTL  ; 0 in              ; 0 H/in                  ; 0 F/in                  ; short         ; -                   ; open           ; open             ; open   ; 0 in             ; 0 H/in                 ; 0 F/in                 ; short        ; open          ; open            ; open  ; 0 V                 ; -                  ; n/a           ; n/a             ; n/a         ;
; HEX2[6]    ; 3.3-V LVTTL  ; 0 in              ; 0 H/in                  ; 0 F/in                  ; short         ; -                   ; open           ; open             ; open   ; 0 in             ; 0 H/in                 ; 0 F/in                 ; short        ; open          ; open            ; open  ; 0 V                 ; -                  ; n/a           ; n/a             ; n/a         ;
; HEX2[5]    ; 3.3-V LVTTL  ; 0 in              ; 0 H/in                  ; 0 F/in                  ; short         ; -                   ; open           ; open             ; open   ; 0 in             ; 0 H/in                 ; 0 F/in                 ; short        ; open          ; open            ; open  ; 0 V                 ; -                  ; n/a           ; n/a             ; n/a         ;
; HEX2[4]    ; 3.3-V LVTTL  ; 0 in              ; 0 H/in                  ; 0 F/in                  ; short         ; -                   ; open           ; open             ; open   ; 0 in             ; 0 H/in                 ; 0 F/in                 ; short        ; open          ; open            ; open  ; 0 V                 ; -                  ; n/a           ; n/a             ; n/a         ;
; HEX2[3]    ; 3.3-V LVTTL  ; 0 in              ; 0 H/in                  ; 0 F/in                  ; short         ; -                   ; open           ; open             ; open   ; 0 in             ; 0 H/in                 ; 0 F/in                 ; short        ; open          ; open            ; open  ; 0 V                 ; -                  ; n/a           ; n/a             ; n/a         ;
; HEX2[2]    ; 3.3-V LVTTL  ; 0 in              ; 0 H/in                  ; 0 F/in                  ; short         ; -                   ; open           ; open             ; open   ; 0 in             ; 0 H/in                 ; 0 F/in                 ; short        ; open          ; open            ; open  ; 0 V                 ; -                  ; n/a           ; n/a             ; n/a         ;
; HEX2[1]    ; 3.3-V LVTTL  ; 0 in              ; 0 H/in                  ; 0 F/in                  ; short         ; -                   ; open           ; open             ; open   ; 0 in             ; 0 H/in                 ; 0 F/in                 ; short        ; open          ; open            ; open  ; 0 V                 ; -                  ; n/a           ; n/a             ; n/a         ;
; HEX2[0]    ; 3.3-V LVTTL  ; 0 in              ; 0 H/in                  ; 0 F/in                  ; short         ; -                   ; open           ; open             ; open   ; 0 in             ; 0 H/in                 ; 0 F/in                 ; short        ; open          ; open            ; open  ; 0 V                 ; -                  ; n/a           ; n/a             ; n/a         ;
; HEX3[6]    ; 3.3-V LVTTL  ; 0 in              ; 0 H/in                  ; 0 F/in                  ; short         ; -                   ; open           ; open             ; open   ; 0 in             ; 0 H/in                 ; 0 F/in                 ; short        ; open          ; open            ; open  ; 0 V                 ; -                  ; n/a           ; n/a             ; n/a         ;
; HEX3[5]    ; 3.3-V LVTTL  ; 0 in              ; 0 H/in                  ; 0 F/in                  ; short         ; -                   ; open           ; open             ; open   ; 0 in             ; 0 H/in                 ; 0 F/in                 ; short        ; open          ; open            ; open  ; 0 V                 ; -                  ; n/a           ; n/a             ; n/a         ;
; HEX3[4]    ; 3.3-V LVTTL  ; 0 in              ; 0 H/in                  ; 0 F/in                  ; short         ; -                   ; open           ; open             ; open   ; 0 in             ; 0 H/in                 ; 0 F/in                 ; short        ; open          ; open            ; open  ; 0 V                 ; -                  ; n/a           ; n/a             ; n/a         ;
; HEX3[3]    ; 3.3-V LVTTL  ; 0 in              ; 0 H/in                  ; 0 F/in                  ; short         ; -                   ; open           ; open             ; open   ; 0 in             ; 0 H/in                 ; 0 F/in                 ; short        ; open          ; open            ; open  ; 0 V                 ; -                  ; n/a           ; n/a             ; n/a         ;
; HEX3[2]    ; 3.3-V LVTTL  ; 0 in              ; 0 H/in                  ; 0 F/in                  ; short         ; -                   ; open           ; open             ; open   ; 0 in             ; 0 H/in                 ; 0 F/in                 ; short        ; open          ; open            ; open  ; 0 V                 ; -                  ; n/a           ; n/a             ; n/a         ;
; HEX3[1]    ; 3.3-V LVTTL  ; 0 in              ; 0 H/in                  ; 0 F/in                  ; short         ; -                   ; open           ; open             ; open   ; 0 in             ; 0 H/in                 ; 0 F/in                 ; short        ; open          ; open            ; open  ; 0 V                 ; -                  ; n/a           ; n/a             ; n/a         ;
; HEX3[0]    ; 3.3-V LVTTL  ; 0 in              ; 0 H/in                  ; 0 F/in                  ; short         ; -                   ; open           ; open             ; open   ; 0 in             ; 0 H/in                 ; 0 F/in                 ; short        ; open          ; open            ; open  ; 0 V                 ; -                  ; n/a           ; n/a             ; n/a         ;
; HEX4[6]    ; 3.3-V LVTTL  ; 0 in              ; 0 H/in                  ; 0 F/in                  ; short         ; -                   ; open           ; open             ; open   ; 0 in             ; 0 H/in                 ; 0 F/in                 ; short        ; open          ; open            ; open  ; 0 V                 ; -                  ; n/a           ; n/a             ; n/a         ;
; HEX4[5]    ; 3.3-V LVTTL  ; 0 in              ; 0 H/in                  ; 0 F/in                  ; short         ; -                   ; open           ; open             ; open   ; 0 in             ; 0 H/in                 ; 0 F/in                 ; short        ; open          ; open            ; open  ; 0 V                 ; -                  ; n/a           ; n/a             ; n/a         ;
; HEX4[4]    ; 3.3-V LVTTL  ; 0 in              ; 0 H/in                  ; 0 F/in                  ; short         ; -                   ; open           ; open             ; open   ; 0 in             ; 0 H/in                 ; 0 F/in                 ; short        ; open          ; open            ; open  ; 0 V                 ; -                  ; n/a           ; n/a             ; n/a         ;
; HEX4[3]    ; 3.3-V LVTTL  ; 0 in              ; 0 H/in                  ; 0 F/in                  ; short         ; -                   ; open           ; open             ; open   ; 0 in             ; 0 H/in                 ; 0 F/in                 ; short        ; open          ; open            ; open  ; 0 V                 ; -                  ; n/a           ; n/a             ; n/a         ;
; HEX4[2]    ; 3.3-V LVTTL  ; 0 in              ; 0 H/in                  ; 0 F/in                  ; short         ; -                   ; open           ; open             ; open   ; 0 in             ; 0 H/in                 ; 0 F/in                 ; short        ; open          ; open            ; open  ; 0 V                 ; -                  ; n/a           ; n/a             ; n/a         ;
; HEX4[1]    ; 3.3-V LVTTL  ; 0 in              ; 0 H/in                  ; 0 F/in                  ; short         ; -                   ; open           ; open             ; open   ; 0 in             ; 0 H/in                 ; 0 F/in                 ; short        ; open          ; open            ; open  ; 0 V                 ; -                  ; n/a           ; n/a             ; n/a         ;
; HEX4[0]    ; 3.3-V LVTTL  ; 0 in              ; 0 H/in                  ; 0 F/in                  ; short         ; -                   ; open           ; open             ; open   ; 0 in             ; 0 H/in                 ; 0 F/in                 ; short        ; open          ; open            ; open  ; 0 V                 ; -                  ; n/a           ; n/a             ; n/a         ;
; HEX5[6]    ; 3.3-V LVTTL  ; 0 in              ; 0 H/in                  ; 0 F/in                  ; short         ; -                   ; open           ; open             ; open   ; 0 in             ; 0 H/in                 ; 0 F/in                 ; short        ; open          ; open            ; open  ; 0 V                 ; -                  ; n/a           ; n/a             ; n/a         ;
; HEX5[5]    ; 3.3-V LVTTL  ; 0 in              ; 0 H/in                  ; 0 F/in                  ; short         ; -                   ; open           ; open             ; open   ; 0 in             ; 0 H/in                 ; 0 F/in                 ; short        ; open          ; open            ; open  ; 0 V                 ; -                  ; n/a           ; n/a             ; n/a         ;
; HEX5[4]    ; 3.3-V LVTTL  ; 0 in              ; 0 H/in                  ; 0 F/in                  ; short         ; -                   ; open           ; open             ; open   ; 0 in             ; 0 H/in                 ; 0 F/in                 ; short        ; open          ; open            ; open  ; 0 V                 ; -                  ; n/a           ; n/a             ; n/a         ;
; HEX5[3]    ; 3.3-V LVTTL  ; 0 in              ; 0 H/in                  ; 0 F/in                  ; short         ; -                   ; open           ; open             ; open   ; 0 in             ; 0 H/in                 ; 0 F/in                 ; short        ; open          ; open            ; open  ; 0 V                 ; -                  ; n/a           ; n/a             ; n/a         ;
; HEX5[2]    ; 3.3-V LVTTL  ; 0 in              ; 0 H/in                  ; 0 F/in                  ; short         ; -                   ; open           ; open             ; open   ; 0 in             ; 0 H/in                 ; 0 F/in                 ; short        ; open          ; open            ; open  ; 0 V                 ; -                  ; n/a           ; n/a             ; n/a         ;
; HEX5[1]    ; 3.3-V LVTTL  ; 0 in              ; 0 H/in                  ; 0 F/in                  ; short         ; -                   ; open           ; open             ; open   ; 0 in             ; 0 H/in                 ; 0 F/in                 ; short        ; open          ; open            ; open  ; 0 V                 ; -                  ; n/a           ; n/a             ; n/a         ;
; HEX5[0]    ; 3.3-V LVTTL  ; 0 in              ; 0 H/in                  ; 0 F/in                  ; short         ; -                   ; open           ; open             ; open   ; 0 in             ; 0 H/in                 ; 0 F/in                 ; short        ; open          ; open            ; open  ; 0 V                 ; -                  ; n/a           ; n/a             ; n/a         ;
+------------+--------------+-------------------+-------------------------+-------------------------+---------------+---------------------+----------------+------------------+--------+------------------+------------------------+------------------------+--------------+---------------+-----------------+-------+---------------------+--------------------+---------------+-----------------+-------------+


+----------------------------------------------------------------+
; Input Transition Times                                         ;
+-------------+--------------+-----------------+-----------------+
; Pin         ; I/O Standard ; 10-90 Rise Time ; 90-10 Fall Time ;
+-------------+--------------+-----------------+-----------------+
; AUD_ADCLRCK ; 3.3-V LVTTL  ; 2640 ps         ; 2640 ps         ;
; AUD_BCLK    ; 3.3-V LVTTL  ; 2640 ps         ; 2640 ps         ;
; AUD_ADCDAT  ; 3.3-V LVTTL  ; 2640 ps         ; 2640 ps         ;
; KEY0        ; 3.3-V LVTTL  ; 2640 ps         ; 2640 ps         ;
; clock_50    ; 3.3-V LVTTL  ; 2640 ps         ; 2640 ps         ;
+-------------+--------------+-----------------+-----------------+


+-----------------------------------------------------------------------------------------------------------------------------------------------------------------------------------------------------------------------------------------------------------------------------------------------------------------------------------------------------------------------------------------------------------------------------------------------------------------------------------------------------------------------------------------------------------------------------------------------------------------------------------------------------------------------------------------+
; Signal Integrity Metrics (Slow 1100mv 0c Model)                                                                                                                                                                                                                                                                                                                                                                                                                                                                                                                                                                                                                                         ;
+------------+--------------+---------------------+---------------------+------------------------------+------------------------------+---------------------+---------------------+--------------------------------------+--------------------------------------+-----------------------------+-----------------------------+----------------------------+----------------------------+-----------------------------+-----------------------------+--------------------+--------------------+-------------------------------------+-------------------------------------+----------------------------+----------------------------+---------------------------+---------------------------+
; Pin        ; I/O Standard ; Board Delay on Rise ; Board Delay on Fall ; Steady State Voh at FPGA Pin ; Steady State Vol at FPGA Pin ; Voh Max at FPGA Pin ; Vol Min at FPGA Pin ; Ringback Voltage on Rise at FPGA Pin ; Ringback Voltage on Fall at FPGA Pin ; 10-90 Rise Time at FPGA Pin ; 90-10 Fall Time at FPGA Pin ; Monotonic Rise at FPGA Pin ; Monotonic Fall at FPGA Pin ; Steady State Voh at Far-end ; Steady State Vol at Far-end ; Voh Max at Far-end ; Vol Min at Far-end ; Ringback Voltage on Rise at Far-end ; Ringback Voltage on Fall at Far-end ; 10-90 Rise Time at Far-end ; 90-10 Fall Time at Far-end ; Monotonic Rise at Far-end ; Monotonic Fall at Far-end ;
+------------+--------------+---------------------+---------------------+------------------------------+------------------------------+---------------------+---------------------+--------------------------------------+--------------------------------------+-----------------------------+-----------------------------+----------------------------+----------------------------+-----------------------------+-----------------------------+--------------------+--------------------+-------------------------------------+-------------------------------------+----------------------------+----------------------------+---------------------------+---------------------------+
; I2C_SDA    ; 3.3-V LVTTL  ; 0 s                 ; 0 s                 ; 3.08 V                       ; 3.5e-07 V                    ; 3.14 V              ; -0.195 V            ; 0.158 V                              ; 0.394 V                              ; 4.46e-10 s                  ; 1.64e-10 s                  ; Yes                        ; No                         ; 3.08 V                      ; 3.5e-07 V                   ; 3.14 V             ; -0.195 V           ; 0.158 V                             ; 0.394 V                             ; 4.46e-10 s                 ; 1.64e-10 s                 ; Yes                       ; No                        ;
; AUD_XCK    ; 3.3-V LVTTL  ; 0 s                 ; 0 s                 ; 3.08 V                       ; 3.35e-07 V                   ; 3.14 V              ; -0.258 V            ; 0.13 V                               ; 0.399 V                              ; 4.27e-10 s                  ; 1.5e-10 s                   ; Yes                        ; No                         ; 3.08 V                      ; 3.35e-07 V                  ; 3.14 V             ; -0.258 V           ; 0.13 V                              ; 0.399 V                             ; 4.27e-10 s                 ; 1.5e-10 s                  ; Yes                       ; No                        ;
; AUD_DACDAT ; 3.3-V LVTTL  ; 0 s                 ; 0 s                 ; 3.08 V                       ; 3.35e-07 V                   ; 3.14 V              ; -0.258 V            ; 0.13 V                               ; 0.399 V                              ; 4.27e-10 s                  ; 1.5e-10 s                   ; Yes                        ; No                         ; 3.08 V                      ; 3.35e-07 V                  ; 3.14 V             ; -0.258 V           ; 0.13 V                              ; 0.399 V                             ; 4.27e-10 s                 ; 1.5e-10 s                  ; Yes                       ; No                        ;
; I2C_SCL    ; 3.3-V LVTTL  ; 0 s                 ; 0 s                 ; 3.08 V                       ; 2.62e-07 V                   ; 3.1 V               ; -0.153 V            ; 0.035 V                              ; 0.31 V                               ; 4.23e-10 s                  ; 1.59e-10 s                  ; Yes                        ; No                         ; 3.08 V                      ; 2.62e-07 V                  ; 3.1 V              ; -0.153 V           ; 0.035 V                             ; 0.31 V                              ; 4.23e-10 s                 ; 1.59e-10 s                 ; Yes                       ; No                        ;
; LED9       ; 3.3-V LVTTL  ; 0 s                 ; 0 s                 ; 3.08 V                       ; 3.5e-07 V                    ; 3.14 V              ; -0.195 V            ; 0.158 V                              ; 0.394 V                              ; 4.46e-10 s                  ; 1.64e-10 s                  ; Yes                        ; No                         ; 3.08 V                      ; 3.5e-07 V                   ; 3.14 V             ; -0.195 V           ; 0.158 V                             ; 0.394 V                             ; 4.46e-10 s                 ; 1.64e-10 s                 ; Yes                       ; No                        ;
; LED8       ; 3.3-V LVTTL  ; 0 s                 ; 0 s                 ; 3.08 V                       ; 3.5e-07 V                    ; 3.14 V              ; -0.195 V            ; 0.158 V                              ; 0.394 V                              ; 4.46e-10 s                  ; 1.64e-10 s                  ; Yes                        ; No                         ; 3.08 V                      ; 3.5e-07 V                   ; 3.14 V             ; -0.195 V           ; 0.158 V                             ; 0.394 V                             ; 4.46e-10 s                 ; 1.64e-10 s                 ; Yes                       ; No                        ;
; LED7       ; 3.3-V LVTTL  ; 0 s                 ; 0 s                 ; 3.08 V                       ; 2.62e-07 V                   ; 3.1 V               ; -0.153 V            ; 0.035 V                              ; 0.31 V                               ; 4.23e-10 s                  ; 1.59e-10 s                  ; Yes                        ; No                         ; 3.08 V                      ; 2.62e-07 V                  ; 3.1 V              ; -0.153 V           ; 0.035 V                             ; 0.31 V                              ; 4.23e-10 s                 ; 1.59e-10 s                 ; Yes                       ; No                        ;
; LED6       ; 3.3-V LVTTL  ; 0 s                 ; 0 s                 ; 3.08 V                       ; 3.35e-07 V                   ; 3.14 V              ; -0.257 V            ; 0.13 V                               ; 0.399 V                              ; 4.27e-10 s                  ; 1.5e-10 s                   ; Yes                        ; No                         ; 3.08 V                      ; 3.35e-07 V                  ; 3.14 V             ; -0.257 V           ; 0.13 V                              ; 0.399 V                             ; 4.27e-10 s                 ; 1.5e-10 s                  ; Yes                       ; No                        ;
; HEX0[6]    ; 3.3-V LVTTL  ; 0 s                 ; 0 s                 ; 3.08 V                       ; 3.35e-07 V                   ; 3.14 V              ; -0.257 V            ; 0.13 V                               ; 0.399 V                              ; 4.27e-10 s                  ; 1.5e-10 s                   ; Yes                        ; No                         ; 3.08 V                      ; 3.35e-07 V                  ; 3.14 V             ; -0.257 V           ; 0.13 V                              ; 0.399 V                             ; 4.27e-10 s                 ; 1.5e-10 s                  ; Yes                       ; No                        ;
; HEX0[5]    ; 3.3-V LVTTL  ; 0 s                 ; 0 s                 ; 3.08 V                       ; 3.35e-07 V                   ; 3.14 V              ; -0.258 V            ; 0.13 V                               ; 0.399 V                              ; 4.27e-10 s                  ; 1.5e-10 s                   ; Yes                        ; No                         ; 3.08 V                      ; 3.35e-07 V                  ; 3.14 V             ; -0.258 V           ; 0.13 V                              ; 0.399 V                             ; 4.27e-10 s                 ; 1.5e-10 s                  ; Yes                       ; No                        ;
; HEX0[4]    ; 3.3-V LVTTL  ; 0 s                 ; 0 s                 ; 3.08 V                       ; 3.35e-07 V                   ; 3.14 V              ; -0.258 V            ; 0.13 V                               ; 0.399 V                              ; 4.27e-10 s                  ; 1.5e-10 s                   ; Yes                        ; No                         ; 3.08 V                      ; 3.35e-07 V                  ; 3.14 V             ; -0.258 V           ; 0.13 V                              ; 0.399 V                             ; 4.27e-10 s                 ; 1.5e-10 s                  ; Yes                       ; No                        ;
; HEX0[3]    ; 3.3-V LVTTL  ; 0 s                 ; 0 s                 ; 3.08 V                       ; 3.35e-07 V                   ; 3.14 V              ; -0.258 V            ; 0.13 V                               ; 0.399 V                              ; 4.27e-10 s                  ; 1.5e-10 s                   ; Yes                        ; No                         ; 3.08 V                      ; 3.35e-07 V                  ; 3.14 V             ; -0.258 V           ; 0.13 V                              ; 0.399 V                             ; 4.27e-10 s                 ; 1.5e-10 s                  ; Yes                       ; No                        ;
; HEX0[2]    ; 3.3-V LVTTL  ; 0 s                 ; 0 s                 ; 3.08 V                       ; 3.35e-07 V                   ; 3.14 V              ; -0.257 V            ; 0.13 V                               ; 0.399 V                              ; 4.27e-10 s                  ; 1.5e-10 s                   ; Yes                        ; No                         ; 3.08 V                      ; 3.35e-07 V                  ; 3.14 V             ; -0.257 V           ; 0.13 V                              ; 0.399 V                             ; 4.27e-10 s                 ; 1.5e-10 s                  ; Yes                       ; No                        ;
; HEX0[1]    ; 3.3-V LVTTL  ; 0 s                 ; 0 s                 ; 3.08 V                       ; 3.5e-07 V                    ; 3.14 V              ; -0.195 V            ; 0.158 V                              ; 0.394 V                              ; 4.46e-10 s                  ; 1.64e-10 s                  ; Yes                        ; No                         ; 3.08 V                      ; 3.5e-07 V                   ; 3.14 V             ; -0.195 V           ; 0.158 V                             ; 0.394 V                             ; 4.46e-10 s                 ; 1.64e-10 s                 ; Yes                       ; No                        ;
; HEX0[0]    ; 3.3-V LVTTL  ; 0 s                 ; 0 s                 ; 3.08 V                       ; 2.62e-07 V                   ; 3.1 V               ; -0.153 V            ; 0.035 V                              ; 0.31 V                               ; 4.23e-10 s                  ; 1.59e-10 s                  ; Yes                        ; No                         ; 3.08 V                      ; 2.62e-07 V                  ; 3.1 V              ; -0.153 V           ; 0.035 V                             ; 0.31 V                              ; 4.23e-10 s                 ; 1.59e-10 s                 ; Yes                       ; No                        ;
; HEX1[6]    ; 3.3-V LVTTL  ; 0 s                 ; 0 s                 ; 3.08 V                       ; 3.5e-07 V                    ; 3.14 V              ; -0.195 V            ; 0.158 V                              ; 0.394 V                              ; 4.46e-10 s                  ; 1.64e-10 s                  ; Yes                        ; No                         ; 3.08 V                      ; 3.5e-07 V                   ; 3.14 V             ; -0.195 V           ; 0.158 V                             ; 0.394 V                             ; 4.46e-10 s                 ; 1.64e-10 s                 ; Yes                       ; No                        ;
; HEX1[5]    ; 3.3-V LVTTL  ; 0 s                 ; 0 s                 ; 3.08 V                       ; 3.5e-07 V                    ; 3.14 V              ; -0.195 V            ; 0.158 V                              ; 0.394 V                              ; 4.46e-10 s                  ; 1.64e-10 s                  ; Yes                        ; No                         ; 3.08 V                      ; 3.5e-07 V                   ; 3.14 V             ; -0.195 V           ; 0.158 V                             ; 0.394 V                             ; 4.46e-10 s                 ; 1.64e-10 s                 ; Yes                       ; No                        ;
; HEX1[4]    ; 3.3-V LVTTL  ; 0 s                 ; 0 s                 ; 3.08 V                       ; 3.5e-07 V                    ; 3.14 V              ; -0.195 V            ; 0.158 V                              ; 0.394 V                              ; 4.46e-10 s                  ; 1.64e-10 s                  ; Yes                        ; No                         ; 3.08 V                      ; 3.5e-07 V                   ; 3.14 V             ; -0.195 V           ; 0.158 V                             ; 0.394 V                             ; 4.46e-10 s                 ; 1.64e-10 s                 ; Yes                       ; No                        ;
; HEX1[3]    ; 3.3-V LVTTL  ; 0 s                 ; 0 s                 ; 3.08 V                       ; 2.62e-07 V                   ; 3.1 V               ; -0.153 V            ; 0.035 V                              ; 0.31 V                               ; 4.23e-10 s                  ; 1.59e-10 s                  ; Yes                        ; No                         ; 3.08 V                      ; 2.62e-07 V                  ; 3.1 V              ; -0.153 V           ; 0.035 V                             ; 0.31 V                              ; 4.23e-10 s                 ; 1.59e-10 s                 ; Yes                       ; No                        ;
; HEX1[2]    ; 3.3-V LVTTL  ; 0 s                 ; 0 s                 ; 3.08 V                       ; 3.35e-07 V                   ; 3.14 V              ; -0.258 V            ; 0.13 V                               ; 0.399 V                              ; 4.27e-10 s                  ; 1.5e-10 s                   ; Yes                        ; No                         ; 3.08 V                      ; 3.35e-07 V                  ; 3.14 V             ; -0.258 V           ; 0.13 V                              ; 0.399 V                             ; 4.27e-10 s                 ; 1.5e-10 s                  ; Yes                       ; No                        ;
; HEX1[1]    ; 3.3-V LVTTL  ; 0 s                 ; 0 s                 ; 3.08 V                       ; 3.5e-07 V                    ; 3.14 V              ; -0.195 V            ; 0.158 V                              ; 0.394 V                              ; 4.46e-10 s                  ; 1.64e-10 s                  ; Yes                        ; No                         ; 3.08 V                      ; 3.5e-07 V                   ; 3.14 V             ; -0.195 V           ; 0.158 V                             ; 0.394 V                             ; 4.46e-10 s                 ; 1.64e-10 s                 ; Yes                       ; No                        ;
; HEX1[0]    ; 3.3-V LVTTL  ; 0 s                 ; 0 s                 ; 3.08 V                       ; 3.35e-07 V                   ; 3.14 V              ; -0.257 V            ; 0.13 V                               ; 0.399 V                              ; 4.27e-10 s                  ; 1.5e-10 s                   ; Yes                        ; No                         ; 3.08 V                      ; 3.35e-07 V                  ; 3.14 V             ; -0.257 V           ; 0.13 V                              ; 0.399 V                             ; 4.27e-10 s                 ; 1.5e-10 s                  ; Yes                       ; No                        ;
; HEX2[6]    ; 3.3-V LVTTL  ; 0 s                 ; 0 s                 ; 3.08 V                       ; 2.62e-07 V                   ; 3.1 V               ; -0.153 V            ; 0.035 V                              ; 0.31 V                               ; 4.23e-10 s                  ; 1.59e-10 s                  ; Yes                        ; No                         ; 3.08 V                      ; 2.62e-07 V                  ; 3.1 V              ; -0.153 V           ; 0.035 V                             ; 0.31 V                              ; 4.23e-10 s                 ; 1.59e-10 s                 ; Yes                       ; No                        ;
; HEX2[5]    ; 3.3-V LVTTL  ; 0 s                 ; 0 s                 ; 3.08 V                       ; 2.62e-07 V                   ; 3.1 V               ; -0.153 V            ; 0.035 V                              ; 0.31 V                               ; 4.23e-10 s                  ; 1.59e-10 s                  ; Yes                        ; No                         ; 3.08 V                      ; 2.62e-07 V                  ; 3.1 V              ; -0.153 V           ; 0.035 V                             ; 0.31 V                              ; 4.23e-10 s                 ; 1.59e-10 s                 ; Yes                       ; No                        ;
; HEX2[4]    ; 3.3-V LVTTL  ; 0 s                 ; 0 s                 ; 3.08 V                       ; 3.5e-07 V                    ; 3.14 V              ; -0.195 V            ; 0.158 V                              ; 0.394 V                              ; 4.46e-10 s                  ; 1.64e-10 s                  ; Yes                        ; No                         ; 3.08 V                      ; 3.5e-07 V                   ; 3.14 V             ; -0.195 V           ; 0.158 V                             ; 0.394 V                             ; 4.46e-10 s                 ; 1.64e-10 s                 ; Yes                       ; No                        ;
; HEX2[3]    ; 3.3-V LVTTL  ; 0 s                 ; 0 s                 ; 3.08 V                       ; 3.5e-07 V                    ; 3.14 V              ; -0.195 V            ; 0.158 V                              ; 0.394 V                              ; 4.46e-10 s                  ; 1.64e-10 s                  ; Yes                        ; No                         ; 3.08 V                      ; 3.5e-07 V                   ; 3.14 V             ; -0.195 V           ; 0.158 V                             ; 0.394 V                             ; 4.46e-10 s                 ; 1.64e-10 s                 ; Yes                       ; No                        ;
; HEX2[2]    ; 3.3-V LVTTL  ; 0 s                 ; 0 s                 ; 3.08 V                       ; 2.62e-07 V                   ; 3.1 V               ; -0.153 V            ; 0.035 V                              ; 0.31 V                               ; 4.23e-10 s                  ; 1.59e-10 s                  ; Yes                        ; No                         ; 3.08 V                      ; 2.62e-07 V                  ; 3.1 V              ; -0.153 V           ; 0.035 V                             ; 0.31 V                              ; 4.23e-10 s                 ; 1.59e-10 s                 ; Yes                       ; No                        ;
; HEX2[1]    ; 3.3-V LVTTL  ; 0 s                 ; 0 s                 ; 3.08 V                       ; 2.62e-07 V                   ; 3.1 V               ; -0.153 V            ; 0.035 V                              ; 0.31 V                               ; 4.23e-10 s                  ; 1.59e-10 s                  ; Yes                        ; No                         ; 3.08 V                      ; 2.62e-07 V                  ; 3.1 V              ; -0.153 V           ; 0.035 V                             ; 0.31 V                              ; 4.23e-10 s                 ; 1.59e-10 s                 ; Yes                       ; No                        ;
; HEX2[0]    ; 3.3-V LVTTL  ; 0 s                 ; 0 s                 ; 3.08 V                       ; 3.5e-07 V                    ; 3.14 V              ; -0.195 V            ; 0.158 V                              ; 0.394 V                              ; 4.46e-10 s                  ; 1.64e-10 s                  ; Yes                        ; No                         ; 3.08 V                      ; 3.5e-07 V                   ; 3.14 V             ; -0.195 V           ; 0.158 V                             ; 0.394 V                             ; 4.46e-10 s                 ; 1.64e-10 s                 ; Yes                       ; No                        ;
; HEX3[6]    ; 3.3-V LVTTL  ; 0 s                 ; 0 s                 ; 3.08 V                       ; 3.5e-07 V                    ; 3.14 V              ; -0.195 V            ; 0.158 V                              ; 0.394 V                              ; 4.46e-10 s                  ; 1.64e-10 s                  ; Yes                        ; No                         ; 3.08 V                      ; 3.5e-07 V                   ; 3.14 V             ; -0.195 V           ; 0.158 V                             ; 0.394 V                             ; 4.46e-10 s                 ; 1.64e-10 s                 ; Yes                       ; No                        ;
; HEX3[5]    ; 3.3-V LVTTL  ; 0 s                 ; 0 s                 ; 3.08 V                       ; 2.62e-07 V                   ; 3.1 V               ; -0.153 V            ; 0.035 V                              ; 0.31 V                               ; 4.23e-10 s                  ; 1.59e-10 s                  ; Yes                        ; No                         ; 3.08 V                      ; 2.62e-07 V                  ; 3.1 V              ; -0.153 V           ; 0.035 V                             ; 0.31 V                              ; 4.23e-10 s                 ; 1.59e-10 s                 ; Yes                       ; No                        ;
; HEX3[4]    ; 3.3-V LVTTL  ; 0 s                 ; 0 s                 ; 3.08 V                       ; 3.5e-07 V                    ; 3.14 V              ; -0.195 V            ; 0.158 V                              ; 0.394 V                              ; 4.46e-10 s                  ; 1.64e-10 s                  ; Yes                        ; No                         ; 3.08 V                      ; 3.5e-07 V                   ; 3.14 V             ; -0.195 V           ; 0.158 V                             ; 0.394 V                             ; 4.46e-10 s                 ; 1.64e-10 s                 ; Yes                       ; No                        ;
; HEX3[3]    ; 3.3-V LVTTL  ; 0 s                 ; 0 s                 ; 3.08 V                       ; 2.62e-07 V                   ; 3.1 V               ; -0.153 V            ; 0.035 V                              ; 0.31 V                               ; 4.23e-10 s                  ; 1.59e-10 s                  ; Yes                        ; No                         ; 3.08 V                      ; 2.62e-07 V                  ; 3.1 V              ; -0.153 V           ; 0.035 V                             ; 0.31 V                              ; 4.23e-10 s                 ; 1.59e-10 s                 ; Yes                       ; No                        ;
; HEX3[2]    ; 3.3-V LVTTL  ; 0 s                 ; 0 s                 ; 3.08 V                       ; 2.62e-07 V                   ; 3.1 V               ; -0.153 V            ; 0.035 V                              ; 0.31 V                               ; 4.23e-10 s                  ; 1.59e-10 s                  ; Yes                        ; No                         ; 3.08 V                      ; 2.62e-07 V                  ; 3.1 V              ; -0.153 V           ; 0.035 V                             ; 0.31 V                              ; 4.23e-10 s                 ; 1.59e-10 s                 ; Yes                       ; No                        ;
; HEX3[1]    ; 3.3-V LVTTL  ; 0 s                 ; 0 s                 ; 3.08 V                       ; 2.62e-07 V                   ; 3.1 V               ; -0.153 V            ; 0.035 V                              ; 0.31 V                               ; 4.23e-10 s                  ; 1.59e-10 s                  ; Yes                        ; No                         ; 3.08 V                      ; 2.62e-07 V                  ; 3.1 V              ; -0.153 V           ; 0.035 V                             ; 0.31 V                              ; 4.23e-10 s                 ; 1.59e-10 s                 ; Yes                       ; No                        ;
; HEX3[0]    ; 3.3-V LVTTL  ; 0 s                 ; 0 s                 ; 3.08 V                       ; 3.5e-07 V                    ; 3.14 V              ; -0.195 V            ; 0.158 V                              ; 0.394 V                              ; 4.46e-10 s                  ; 1.64e-10 s                  ; Yes                        ; No                         ; 3.08 V                      ; 3.5e-07 V                   ; 3.14 V             ; -0.195 V           ; 0.158 V                             ; 0.394 V                             ; 4.46e-10 s                 ; 1.64e-10 s                 ; Yes                       ; No                        ;
; HEX4[6]    ; 3.3-V LVTTL  ; 0 s                 ; 0 s                 ; 3.08 V                       ; 3.35e-07 V                   ; 3.14 V              ; -0.257 V            ; 0.13 V                               ; 0.399 V                              ; 4.27e-10 s                  ; 1.5e-10 s                   ; Yes                        ; No                         ; 3.08 V                      ; 3.35e-07 V                  ; 3.14 V             ; -0.257 V           ; 0.13 V                              ; 0.399 V                             ; 4.27e-10 s                 ; 1.5e-10 s                  ; Yes                       ; No                        ;
; HEX4[5]    ; 3.3-V LVTTL  ; 0 s                 ; 0 s                 ; 3.08 V                       ; 3.5e-07 V                    ; 3.14 V              ; -0.195 V            ; 0.158 V                              ; 0.394 V                              ; 4.46e-10 s                  ; 1.64e-10 s                  ; Yes                        ; No                         ; 3.08 V                      ; 3.5e-07 V                   ; 3.14 V             ; -0.195 V           ; 0.158 V                             ; 0.394 V                             ; 4.46e-10 s                 ; 1.64e-10 s                 ; Yes                       ; No                        ;
; HEX4[4]    ; 3.3-V LVTTL  ; 0 s                 ; 0 s                 ; 3.08 V                       ; 3.35e-07 V                   ; 3.14 V              ; -0.258 V            ; 0.13 V                               ; 0.399 V                              ; 4.27e-10 s                  ; 1.5e-10 s                   ; Yes                        ; No                         ; 3.08 V                      ; 3.35e-07 V                  ; 3.14 V             ; -0.258 V           ; 0.13 V                              ; 0.399 V                             ; 4.27e-10 s                 ; 1.5e-10 s                  ; Yes                       ; No                        ;
; HEX4[3]    ; 3.3-V LVTTL  ; 0 s                 ; 0 s                 ; 3.08 V                       ; 2.62e-07 V                   ; 3.1 V               ; -0.153 V            ; 0.035 V                              ; 0.31 V                               ; 4.23e-10 s                  ; 1.59e-10 s                  ; Yes                        ; No                         ; 3.08 V                      ; 2.62e-07 V                  ; 3.1 V              ; -0.153 V           ; 0.035 V                             ; 0.31 V                              ; 4.23e-10 s                 ; 1.59e-10 s                 ; Yes                       ; No                        ;
; HEX4[2]    ; 3.3-V LVTTL  ; 0 s                 ; 0 s                 ; 3.08 V                       ; 3.5e-07 V                    ; 3.14 V              ; -0.195 V            ; 0.158 V                              ; 0.394 V                              ; 4.46e-10 s                  ; 1.64e-10 s                  ; Yes                        ; No                         ; 3.08 V                      ; 3.5e-07 V                   ; 3.14 V             ; -0.195 V           ; 0.158 V                             ; 0.394 V                             ; 4.46e-10 s                 ; 1.64e-10 s                 ; Yes                       ; No                        ;
; HEX4[1]    ; 3.3-V LVTTL  ; 0 s                 ; 0 s                 ; 3.08 V                       ; 3.35e-07 V                   ; 3.14 V              ; -0.258 V            ; 0.13 V                               ; 0.399 V                              ; 4.27e-10 s                  ; 1.5e-10 s                   ; Yes                        ; No                         ; 3.08 V                      ; 3.35e-07 V                  ; 3.14 V             ; -0.258 V           ; 0.13 V                              ; 0.399 V                             ; 4.27e-10 s                 ; 1.5e-10 s                  ; Yes                       ; No                        ;
; HEX4[0]    ; 3.3-V LVTTL  ; 0 s                 ; 0 s                 ; 3.08 V                       ; 2.62e-07 V                   ; 3.1 V               ; -0.153 V            ; 0.035 V                              ; 0.31 V                               ; 4.23e-10 s                  ; 1.59e-10 s                  ; Yes                        ; No                         ; 3.08 V                      ; 2.62e-07 V                  ; 3.1 V              ; -0.153 V           ; 0.035 V                             ; 0.31 V                              ; 4.23e-10 s                 ; 1.59e-10 s                 ; Yes                       ; No                        ;
; HEX5[6]    ; 3.3-V LVTTL  ; 0 s                 ; 0 s                 ; 3.08 V                       ; 2.62e-07 V                   ; 3.1 V               ; -0.153 V            ; 0.035 V                              ; 0.31 V                               ; 4.23e-10 s                  ; 1.59e-10 s                  ; Yes                        ; No                         ; 3.08 V                      ; 2.62e-07 V                  ; 3.1 V              ; -0.153 V           ; 0.035 V                             ; 0.31 V                              ; 4.23e-10 s                 ; 1.59e-10 s                 ; Yes                       ; No                        ;
; HEX5[5]    ; 3.3-V LVTTL  ; 0 s                 ; 0 s                 ; 3.08 V                       ; 3.5e-07 V                    ; 3.14 V              ; -0.195 V            ; 0.158 V                              ; 0.394 V                              ; 4.46e-10 s                  ; 1.64e-10 s                  ; Yes                        ; No                         ; 3.08 V                      ; 3.5e-07 V                   ; 3.14 V             ; -0.195 V           ; 0.158 V                             ; 0.394 V                             ; 4.46e-10 s                 ; 1.64e-10 s                 ; Yes                       ; No                        ;
; HEX5[4]    ; 3.3-V LVTTL  ; 0 s                 ; 0 s                 ; 3.08 V                       ; 2.62e-07 V                   ; 3.1 V               ; -0.153 V            ; 0.035 V                              ; 0.31 V                               ; 4.23e-10 s                  ; 1.59e-10 s                  ; Yes                        ; No                         ; 3.08 V                      ; 2.62e-07 V                  ; 3.1 V              ; -0.153 V           ; 0.035 V                             ; 0.31 V                              ; 4.23e-10 s                 ; 1.59e-10 s                 ; Yes                       ; No                        ;
; HEX5[3]    ; 3.3-V LVTTL  ; 0 s                 ; 0 s                 ; 3.08 V                       ; 2.62e-07 V                   ; 3.1 V               ; -0.153 V            ; 0.035 V                              ; 0.31 V                               ; 4.23e-10 s                  ; 1.59e-10 s                  ; Yes                        ; No                         ; 3.08 V                      ; 2.62e-07 V                  ; 3.1 V              ; -0.153 V           ; 0.035 V                             ; 0.31 V                              ; 4.23e-10 s                 ; 1.59e-10 s                 ; Yes                       ; No                        ;
; HEX5[2]    ; 3.3-V LVTTL  ; 0 s                 ; 0 s                 ; 3.08 V                       ; 3.5e-07 V                    ; 3.14 V              ; -0.195 V            ; 0.158 V                              ; 0.394 V                              ; 4.46e-10 s                  ; 1.64e-10 s                  ; Yes                        ; No                         ; 3.08 V                      ; 3.5e-07 V                   ; 3.14 V             ; -0.195 V           ; 0.158 V                             ; 0.394 V                             ; 4.46e-10 s                 ; 1.64e-10 s                 ; Yes                       ; No                        ;
; HEX5[1]    ; 3.3-V LVTTL  ; 0 s                 ; 0 s                 ; 3.08 V                       ; 3.5e-07 V                    ; 3.14 V              ; -0.195 V            ; 0.158 V                              ; 0.394 V                              ; 4.46e-10 s                  ; 1.64e-10 s                  ; Yes                        ; No                         ; 3.08 V                      ; 3.5e-07 V                   ; 3.14 V             ; -0.195 V           ; 0.158 V                             ; 0.394 V                             ; 4.46e-10 s                 ; 1.64e-10 s                 ; Yes                       ; No                        ;
; HEX5[0]    ; 3.3-V LVTTL  ; 0 s                 ; 0 s                 ; 3.08 V                       ; 2.62e-07 V                   ; 3.1 V               ; -0.153 V            ; 0.035 V                              ; 0.31 V                               ; 4.23e-10 s                  ; 1.59e-10 s                  ; Yes                        ; No                         ; 3.08 V                      ; 2.62e-07 V                  ; 3.1 V              ; -0.153 V           ; 0.035 V                             ; 0.31 V                              ; 4.23e-10 s                 ; 1.59e-10 s                 ; Yes                       ; No                        ;
+------------+--------------+---------------------+---------------------+------------------------------+------------------------------+---------------------+---------------------+--------------------------------------+--------------------------------------+-----------------------------+-----------------------------+----------------------------+----------------------------+-----------------------------+-----------------------------+--------------------+--------------------+-------------------------------------+-------------------------------------+----------------------------+----------------------------+---------------------------+---------------------------+


+-----------------------------------------------------------------------------------------------------------------------------------------------------------------------------------------------------------------------------------------------------------------------------------------------------------------------------------------------------------------------------------------------------------------------------------------------------------------------------------------------------------------------------------------------------------------------------------------------------------------------------------------------------------------------------------------+
; Signal Integrity Metrics (Slow 1100mv 85c Model)                                                                                                                                                                                                                                                                                                                                                                                                                                                                                                                                                                                                                                        ;
+------------+--------------+---------------------+---------------------+------------------------------+------------------------------+---------------------+---------------------+--------------------------------------+--------------------------------------+-----------------------------+-----------------------------+----------------------------+----------------------------+-----------------------------+-----------------------------+--------------------+--------------------+-------------------------------------+-------------------------------------+----------------------------+----------------------------+---------------------------+---------------------------+
; Pin        ; I/O Standard ; Board Delay on Rise ; Board Delay on Fall ; Steady State Voh at FPGA Pin ; Steady State Vol at FPGA Pin ; Voh Max at FPGA Pin ; Vol Min at FPGA Pin ; Ringback Voltage on Rise at FPGA Pin ; Ringback Voltage on Fall at FPGA Pin ; 10-90 Rise Time at FPGA Pin ; 90-10 Fall Time at FPGA Pin ; Monotonic Rise at FPGA Pin ; Monotonic Fall at FPGA Pin ; Steady State Voh at Far-end ; Steady State Vol at Far-end ; Voh Max at Far-end ; Vol Min at Far-end ; Ringback Voltage on Rise at Far-end ; Ringback Voltage on Fall at Far-end ; 10-90 Rise Time at Far-end ; 90-10 Fall Time at Far-end ; Monotonic Rise at Far-end ; Monotonic Fall at Far-end ;
+------------+--------------+---------------------+---------------------+------------------------------+------------------------------+---------------------+---------------------+--------------------------------------+--------------------------------------+-----------------------------+-----------------------------+----------------------------+----------------------------+-----------------------------+-----------------------------+--------------------+--------------------+-------------------------------------+-------------------------------------+----------------------------+----------------------------+---------------------------+---------------------------+
; I2C_SDA    ; 3.3-V LVTTL  ; 0 s                 ; 0 s                 ; 3.08 V                       ; 3.32e-05 V                   ; 3.09 V              ; -0.11 V             ; 0.031 V                              ; 0.155 V                              ; 5.43e-10 s                  ; 3.14e-10 s                  ; Yes                        ; Yes                        ; 3.08 V                      ; 3.32e-05 V                  ; 3.09 V             ; -0.11 V            ; 0.031 V                             ; 0.155 V                             ; 5.43e-10 s                 ; 3.14e-10 s                 ; Yes                       ; Yes                       ;
; AUD_XCK    ; 3.3-V LVTTL  ; 0 s                 ; 0 s                 ; 3.08 V                       ; 3.19e-05 V                   ; 3.1 V               ; -0.133 V            ; 0.025 V                              ; 0.169 V                              ; 4.92e-10 s                  ; 3.13e-10 s                  ; Yes                        ; No                         ; 3.08 V                      ; 3.19e-05 V                  ; 3.1 V              ; -0.133 V           ; 0.025 V                             ; 0.169 V                             ; 4.92e-10 s                 ; 3.13e-10 s                 ; Yes                       ; No                        ;
; AUD_DACDAT ; 3.3-V LVTTL  ; 0 s                 ; 0 s                 ; 3.08 V                       ; 3.19e-05 V                   ; 3.1 V               ; -0.133 V            ; 0.025 V                              ; 0.169 V                              ; 4.92e-10 s                  ; 3.13e-10 s                  ; Yes                        ; No                         ; 3.08 V                      ; 3.19e-05 V                  ; 3.1 V              ; -0.133 V           ; 0.025 V                             ; 0.169 V                             ; 4.92e-10 s                 ; 3.13e-10 s                 ; Yes                       ; No                        ;
; I2C_SCL    ; 3.3-V LVTTL  ; 0 s                 ; 0 s                 ; 3.08 V                       ; 2.61e-05 V                   ; 3.09 V              ; -0.0638 V           ; 0.034 V                              ; 0.099 V                              ; 5.12e-10 s                  ; 2.97e-10 s                  ; Yes                        ; Yes                        ; 3.08 V                      ; 2.61e-05 V                  ; 3.09 V             ; -0.0638 V          ; 0.034 V                             ; 0.099 V                             ; 5.12e-10 s                 ; 2.97e-10 s                 ; Yes                       ; Yes                       ;
; LED9       ; 3.3-V LVTTL  ; 0 s                 ; 0 s                 ; 3.08 V                       ; 3.32e-05 V                   ; 3.09 V              ; -0.11 V             ; 0.031 V                              ; 0.155 V                              ; 5.43e-10 s                  ; 3.14e-10 s                  ; Yes                        ; Yes                        ; 3.08 V                      ; 3.32e-05 V                  ; 3.09 V             ; -0.11 V            ; 0.031 V                             ; 0.155 V                             ; 5.43e-10 s                 ; 3.14e-10 s                 ; Yes                       ; Yes                       ;
; LED8       ; 3.3-V LVTTL  ; 0 s                 ; 0 s                 ; 3.08 V                       ; 3.32e-05 V                   ; 3.09 V              ; -0.11 V             ; 0.031 V                              ; 0.155 V                              ; 5.43e-10 s                  ; 3.14e-10 s                  ; Yes                        ; Yes                        ; 3.08 V                      ; 3.32e-05 V                  ; 3.09 V             ; -0.11 V            ; 0.031 V                             ; 0.155 V                             ; 5.43e-10 s                 ; 3.14e-10 s                 ; Yes                       ; Yes                       ;
; LED7       ; 3.3-V LVTTL  ; 0 s                 ; 0 s                 ; 3.08 V                       ; 2.61e-05 V                   ; 3.09 V              ; -0.0638 V           ; 0.034 V                              ; 0.099 V                              ; 5.12e-10 s                  ; 2.97e-10 s                  ; Yes                        ; Yes                        ; 3.08 V                      ; 2.61e-05 V                  ; 3.09 V             ; -0.0638 V          ; 0.034 V                             ; 0.099 V                             ; 5.12e-10 s                 ; 2.97e-10 s                 ; Yes                       ; Yes                       ;
; LED6       ; 3.3-V LVTTL  ; 0 s                 ; 0 s                 ; 3.08 V                       ; 3.19e-05 V                   ; 3.1 V               ; -0.136 V            ; 0.025 V                              ; 0.167 V                              ; 4.92e-10 s                  ; 3.12e-10 s                  ; Yes                        ; No                         ; 3.08 V                      ; 3.19e-05 V                  ; 3.1 V              ; -0.136 V           ; 0.025 V                             ; 0.167 V                             ; 4.92e-10 s                 ; 3.12e-10 s                 ; Yes                       ; No                        ;
; HEX0[6]    ; 3.3-V LVTTL  ; 0 s                 ; 0 s                 ; 3.08 V                       ; 3.19e-05 V                   ; 3.1 V               ; -0.136 V            ; 0.025 V                              ; 0.167 V                              ; 4.92e-10 s                  ; 3.12e-10 s                  ; Yes                        ; No                         ; 3.08 V                      ; 3.19e-05 V                  ; 3.1 V              ; -0.136 V           ; 0.025 V                             ; 0.167 V                             ; 4.92e-10 s                 ; 3.12e-10 s                 ; Yes                       ; No                        ;
; HEX0[5]    ; 3.3-V LVTTL  ; 0 s                 ; 0 s                 ; 3.08 V                       ; 3.19e-05 V                   ; 3.1 V               ; -0.133 V            ; 0.025 V                              ; 0.169 V                              ; 4.92e-10 s                  ; 3.13e-10 s                  ; Yes                        ; No                         ; 3.08 V                      ; 3.19e-05 V                  ; 3.1 V              ; -0.133 V           ; 0.025 V                             ; 0.169 V                             ; 4.92e-10 s                 ; 3.13e-10 s                 ; Yes                       ; No                        ;
; HEX0[4]    ; 3.3-V LVTTL  ; 0 s                 ; 0 s                 ; 3.08 V                       ; 3.19e-05 V                   ; 3.1 V               ; -0.133 V            ; 0.025 V                              ; 0.169 V                              ; 4.92e-10 s                  ; 3.13e-10 s                  ; Yes                        ; No                         ; 3.08 V                      ; 3.19e-05 V                  ; 3.1 V              ; -0.133 V           ; 0.025 V                             ; 0.169 V                             ; 4.92e-10 s                 ; 3.13e-10 s                 ; Yes                       ; No                        ;
; HEX0[3]    ; 3.3-V LVTTL  ; 0 s                 ; 0 s                 ; 3.08 V                       ; 3.19e-05 V                   ; 3.1 V               ; -0.133 V            ; 0.025 V                              ; 0.169 V                              ; 4.92e-10 s                  ; 3.13e-10 s                  ; Yes                        ; No                         ; 3.08 V                      ; 3.19e-05 V                  ; 3.1 V              ; -0.133 V           ; 0.025 V                             ; 0.169 V                             ; 4.92e-10 s                 ; 3.13e-10 s                 ; Yes                       ; No                        ;
; HEX0[2]    ; 3.3-V LVTTL  ; 0 s                 ; 0 s                 ; 3.08 V                       ; 3.19e-05 V                   ; 3.1 V               ; -0.136 V            ; 0.025 V                              ; 0.167 V                              ; 4.92e-10 s                  ; 3.12e-10 s                  ; Yes                        ; No                         ; 3.08 V                      ; 3.19e-05 V                  ; 3.1 V              ; -0.136 V           ; 0.025 V                             ; 0.167 V                             ; 4.92e-10 s                 ; 3.12e-10 s                 ; Yes                       ; No                        ;
; HEX0[1]    ; 3.3-V LVTTL  ; 0 s                 ; 0 s                 ; 3.08 V                       ; 3.32e-05 V                   ; 3.09 V              ; -0.11 V             ; 0.031 V                              ; 0.155 V                              ; 5.43e-10 s                  ; 3.14e-10 s                  ; Yes                        ; Yes                        ; 3.08 V                      ; 3.32e-05 V                  ; 3.09 V             ; -0.11 V            ; 0.031 V                             ; 0.155 V                             ; 5.43e-10 s                 ; 3.14e-10 s                 ; Yes                       ; Yes                       ;
; HEX0[0]    ; 3.3-V LVTTL  ; 0 s                 ; 0 s                 ; 3.08 V                       ; 2.61e-05 V                   ; 3.09 V              ; -0.0638 V           ; 0.034 V                              ; 0.099 V                              ; 5.12e-10 s                  ; 2.97e-10 s                  ; Yes                        ; Yes                        ; 3.08 V                      ; 2.61e-05 V                  ; 3.09 V             ; -0.0638 V          ; 0.034 V                             ; 0.099 V                             ; 5.12e-10 s                 ; 2.97e-10 s                 ; Yes                       ; Yes                       ;
; HEX1[6]    ; 3.3-V LVTTL  ; 0 s                 ; 0 s                 ; 3.08 V                       ; 3.32e-05 V                   ; 3.09 V              ; -0.11 V             ; 0.031 V                              ; 0.155 V                              ; 5.43e-10 s                  ; 3.14e-10 s                  ; Yes                        ; Yes                        ; 3.08 V                      ; 3.32e-05 V                  ; 3.09 V             ; -0.11 V            ; 0.031 V                             ; 0.155 V                             ; 5.43e-10 s                 ; 3.14e-10 s                 ; Yes                       ; Yes                       ;
; HEX1[5]    ; 3.3-V LVTTL  ; 0 s                 ; 0 s                 ; 3.08 V                       ; 3.32e-05 V                   ; 3.09 V              ; -0.11 V             ; 0.031 V                              ; 0.155 V                              ; 5.43e-10 s                  ; 3.14e-10 s                  ; Yes                        ; Yes                        ; 3.08 V                      ; 3.32e-05 V                  ; 3.09 V             ; -0.11 V            ; 0.031 V                             ; 0.155 V                             ; 5.43e-10 s                 ; 3.14e-10 s                 ; Yes                       ; Yes                       ;
; HEX1[4]    ; 3.3-V LVTTL  ; 0 s                 ; 0 s                 ; 3.08 V                       ; 3.32e-05 V                   ; 3.09 V              ; -0.11 V             ; 0.031 V                              ; 0.155 V                              ; 5.43e-10 s                  ; 3.14e-10 s                  ; Yes                        ; Yes                        ; 3.08 V                      ; 3.32e-05 V                  ; 3.09 V             ; -0.11 V            ; 0.031 V                             ; 0.155 V                             ; 5.43e-10 s                 ; 3.14e-10 s                 ; Yes                       ; Yes                       ;
; HEX1[3]    ; 3.3-V LVTTL  ; 0 s                 ; 0 s                 ; 3.08 V                       ; 2.61e-05 V                   ; 3.09 V              ; -0.0638 V           ; 0.034 V                              ; 0.099 V                              ; 5.12e-10 s                  ; 2.97e-10 s                  ; Yes                        ; Yes                        ; 3.08 V                      ; 2.61e-05 V                  ; 3.09 V             ; -0.0638 V          ; 0.034 V                             ; 0.099 V                             ; 5.12e-10 s                 ; 2.97e-10 s                 ; Yes                       ; Yes                       ;
; HEX1[2]    ; 3.3-V LVTTL  ; 0 s                 ; 0 s                 ; 3.08 V                       ; 3.19e-05 V                   ; 3.1 V               ; -0.133 V            ; 0.025 V                              ; 0.169 V                              ; 4.92e-10 s                  ; 3.13e-10 s                  ; Yes                        ; No                         ; 3.08 V                      ; 3.19e-05 V                  ; 3.1 V              ; -0.133 V           ; 0.025 V                             ; 0.169 V                             ; 4.92e-10 s                 ; 3.13e-10 s                 ; Yes                       ; No                        ;
; HEX1[1]    ; 3.3-V LVTTL  ; 0 s                 ; 0 s                 ; 3.08 V                       ; 3.32e-05 V                   ; 3.09 V              ; -0.11 V             ; 0.031 V                              ; 0.155 V                              ; 5.43e-10 s                  ; 3.14e-10 s                  ; Yes                        ; Yes                        ; 3.08 V                      ; 3.32e-05 V                  ; 3.09 V             ; -0.11 V            ; 0.031 V                             ; 0.155 V                             ; 5.43e-10 s                 ; 3.14e-10 s                 ; Yes                       ; Yes                       ;
; HEX1[0]    ; 3.3-V LVTTL  ; 0 s                 ; 0 s                 ; 3.08 V                       ; 3.19e-05 V                   ; 3.1 V               ; -0.136 V            ; 0.025 V                              ; 0.167 V                              ; 4.92e-10 s                  ; 3.12e-10 s                  ; Yes                        ; No                         ; 3.08 V                      ; 3.19e-05 V                  ; 3.1 V              ; -0.136 V           ; 0.025 V                             ; 0.167 V                             ; 4.92e-10 s                 ; 3.12e-10 s                 ; Yes                       ; No                        ;
; HEX2[6]    ; 3.3-V LVTTL  ; 0 s                 ; 0 s                 ; 3.08 V                       ; 2.61e-05 V                   ; 3.09 V              ; -0.0638 V           ; 0.034 V                              ; 0.099 V                              ; 5.12e-10 s                  ; 2.97e-10 s                  ; Yes                        ; Yes                        ; 3.08 V                      ; 2.61e-05 V                  ; 3.09 V             ; -0.0638 V          ; 0.034 V                             ; 0.099 V                             ; 5.12e-10 s                 ; 2.97e-10 s                 ; Yes                       ; Yes                       ;
; HEX2[5]    ; 3.3-V LVTTL  ; 0 s                 ; 0 s                 ; 3.08 V                       ; 2.61e-05 V                   ; 3.09 V              ; -0.0638 V           ; 0.034 V                              ; 0.099 V                              ; 5.12e-10 s                  ; 2.97e-10 s                  ; Yes                        ; Yes                        ; 3.08 V                      ; 2.61e-05 V                  ; 3.09 V             ; -0.0638 V          ; 0.034 V                             ; 0.099 V                             ; 5.12e-10 s                 ; 2.97e-10 s                 ; Yes                       ; Yes                       ;
; HEX2[4]    ; 3.3-V LVTTL  ; 0 s                 ; 0 s                 ; 3.08 V                       ; 3.32e-05 V                   ; 3.09 V              ; -0.11 V             ; 0.031 V                              ; 0.155 V                              ; 5.43e-10 s                  ; 3.14e-10 s                  ; Yes                        ; Yes                        ; 3.08 V                      ; 3.32e-05 V                  ; 3.09 V             ; -0.11 V            ; 0.031 V                             ; 0.155 V                             ; 5.43e-10 s                 ; 3.14e-10 s                 ; Yes                       ; Yes                       ;
; HEX2[3]    ; 3.3-V LVTTL  ; 0 s                 ; 0 s                 ; 3.08 V                       ; 3.32e-05 V                   ; 3.09 V              ; -0.11 V             ; 0.031 V                              ; 0.155 V                              ; 5.43e-10 s                  ; 3.14e-10 s                  ; Yes                        ; Yes                        ; 3.08 V                      ; 3.32e-05 V                  ; 3.09 V             ; -0.11 V            ; 0.031 V                             ; 0.155 V                             ; 5.43e-10 s                 ; 3.14e-10 s                 ; Yes                       ; Yes                       ;
; HEX2[2]    ; 3.3-V LVTTL  ; 0 s                 ; 0 s                 ; 3.08 V                       ; 2.61e-05 V                   ; 3.09 V              ; -0.0638 V           ; 0.034 V                              ; 0.099 V                              ; 5.12e-10 s                  ; 2.97e-10 s                  ; Yes                        ; Yes                        ; 3.08 V                      ; 2.61e-05 V                  ; 3.09 V             ; -0.0638 V          ; 0.034 V                             ; 0.099 V                             ; 5.12e-10 s                 ; 2.97e-10 s                 ; Yes                       ; Yes                       ;
; HEX2[1]    ; 3.3-V LVTTL  ; 0 s                 ; 0 s                 ; 3.08 V                       ; 2.61e-05 V                   ; 3.09 V              ; -0.0638 V           ; 0.034 V                              ; 0.099 V                              ; 5.12e-10 s                  ; 2.97e-10 s                  ; Yes                        ; Yes                        ; 3.08 V                      ; 2.61e-05 V                  ; 3.09 V             ; -0.0638 V          ; 0.034 V                             ; 0.099 V                             ; 5.12e-10 s                 ; 2.97e-10 s                 ; Yes                       ; Yes                       ;
; HEX2[0]    ; 3.3-V LVTTL  ; 0 s                 ; 0 s                 ; 3.08 V                       ; 3.32e-05 V                   ; 3.09 V              ; -0.11 V             ; 0.031 V                              ; 0.155 V                              ; 5.43e-10 s                  ; 3.14e-10 s                  ; Yes                        ; Yes                        ; 3.08 V                      ; 3.32e-05 V                  ; 3.09 V             ; -0.11 V            ; 0.031 V                             ; 0.155 V                             ; 5.43e-10 s                 ; 3.14e-10 s                 ; Yes                       ; Yes                       ;
; HEX3[6]    ; 3.3-V LVTTL  ; 0 s                 ; 0 s                 ; 3.08 V                       ; 3.32e-05 V                   ; 3.09 V              ; -0.11 V             ; 0.031 V                              ; 0.155 V                              ; 5.43e-10 s                  ; 3.14e-10 s                  ; Yes                        ; Yes                        ; 3.08 V                      ; 3.32e-05 V                  ; 3.09 V             ; -0.11 V            ; 0.031 V                             ; 0.155 V                             ; 5.43e-10 s                 ; 3.14e-10 s                 ; Yes                       ; Yes                       ;
; HEX3[5]    ; 3.3-V LVTTL  ; 0 s                 ; 0 s                 ; 3.08 V                       ; 2.61e-05 V                   ; 3.09 V              ; -0.0638 V           ; 0.034 V                              ; 0.099 V                              ; 5.12e-10 s                  ; 2.97e-10 s                  ; Yes                        ; Yes                        ; 3.08 V                      ; 2.61e-05 V                  ; 3.09 V             ; -0.0638 V          ; 0.034 V                             ; 0.099 V                             ; 5.12e-10 s                 ; 2.97e-10 s                 ; Yes                       ; Yes                       ;
; HEX3[4]    ; 3.3-V LVTTL  ; 0 s                 ; 0 s                 ; 3.08 V                       ; 3.32e-05 V                   ; 3.09 V              ; -0.11 V             ; 0.031 V                              ; 0.155 V                              ; 5.43e-10 s                  ; 3.14e-10 s                  ; Yes                        ; Yes                        ; 3.08 V                      ; 3.32e-05 V                  ; 3.09 V             ; -0.11 V            ; 0.031 V                             ; 0.155 V                             ; 5.43e-10 s                 ; 3.14e-10 s                 ; Yes                       ; Yes                       ;
; HEX3[3]    ; 3.3-V LVTTL  ; 0 s                 ; 0 s                 ; 3.08 V                       ; 2.61e-05 V                   ; 3.09 V              ; -0.0638 V           ; 0.034 V                              ; 0.099 V                              ; 5.12e-10 s                  ; 2.97e-10 s                  ; Yes                        ; Yes                        ; 3.08 V                      ; 2.61e-05 V                  ; 3.09 V             ; -0.0638 V          ; 0.034 V                             ; 0.099 V                             ; 5.12e-10 s                 ; 2.97e-10 s                 ; Yes                       ; Yes                       ;
; HEX3[2]    ; 3.3-V LVTTL  ; 0 s                 ; 0 s                 ; 3.08 V                       ; 2.61e-05 V                   ; 3.09 V              ; -0.0638 V           ; 0.034 V                              ; 0.099 V                              ; 5.12e-10 s                  ; 2.97e-10 s                  ; Yes                        ; Yes                        ; 3.08 V                      ; 2.61e-05 V                  ; 3.09 V             ; -0.0638 V          ; 0.034 V                             ; 0.099 V                             ; 5.12e-10 s                 ; 2.97e-10 s                 ; Yes                       ; Yes                       ;
; HEX3[1]    ; 3.3-V LVTTL  ; 0 s                 ; 0 s                 ; 3.08 V                       ; 2.61e-05 V                   ; 3.09 V              ; -0.0638 V           ; 0.034 V                              ; 0.099 V                              ; 5.12e-10 s                  ; 2.97e-10 s                  ; Yes                        ; Yes                        ; 3.08 V                      ; 2.61e-05 V                  ; 3.09 V             ; -0.0638 V          ; 0.034 V                             ; 0.099 V                             ; 5.12e-10 s                 ; 2.97e-10 s                 ; Yes                       ; Yes                       ;
; HEX3[0]    ; 3.3-V LVTTL  ; 0 s                 ; 0 s                 ; 3.08 V                       ; 3.32e-05 V                   ; 3.09 V              ; -0.11 V             ; 0.031 V                              ; 0.155 V                              ; 5.43e-10 s                  ; 3.14e-10 s                  ; Yes                        ; Yes                        ; 3.08 V                      ; 3.32e-05 V                  ; 3.09 V             ; -0.11 V            ; 0.031 V                             ; 0.155 V                             ; 5.43e-10 s                 ; 3.14e-10 s                 ; Yes                       ; Yes                       ;
; HEX4[6]    ; 3.3-V LVTTL  ; 0 s                 ; 0 s                 ; 3.08 V                       ; 3.19e-05 V                   ; 3.1 V               ; -0.136 V            ; 0.025 V                              ; 0.167 V                              ; 4.92e-10 s                  ; 3.12e-10 s                  ; Yes                        ; No                         ; 3.08 V                      ; 3.19e-05 V                  ; 3.1 V              ; -0.136 V           ; 0.025 V                             ; 0.167 V                             ; 4.92e-10 s                 ; 3.12e-10 s                 ; Yes                       ; No                        ;
; HEX4[5]    ; 3.3-V LVTTL  ; 0 s                 ; 0 s                 ; 3.08 V                       ; 3.32e-05 V                   ; 3.09 V              ; -0.11 V             ; 0.031 V                              ; 0.155 V                              ; 5.43e-10 s                  ; 3.14e-10 s                  ; Yes                        ; Yes                        ; 3.08 V                      ; 3.32e-05 V                  ; 3.09 V             ; -0.11 V            ; 0.031 V                             ; 0.155 V                             ; 5.43e-10 s                 ; 3.14e-10 s                 ; Yes                       ; Yes                       ;
; HEX4[4]    ; 3.3-V LVTTL  ; 0 s                 ; 0 s                 ; 3.08 V                       ; 3.19e-05 V                   ; 3.1 V               ; -0.133 V            ; 0.025 V                              ; 0.169 V                              ; 4.92e-10 s                  ; 3.13e-10 s                  ; Yes                        ; No                         ; 3.08 V                      ; 3.19e-05 V                  ; 3.1 V              ; -0.133 V           ; 0.025 V                             ; 0.169 V                             ; 4.92e-10 s                 ; 3.13e-10 s                 ; Yes                       ; No                        ;
; HEX4[3]    ; 3.3-V LVTTL  ; 0 s                 ; 0 s                 ; 3.08 V                       ; 2.61e-05 V                   ; 3.09 V              ; -0.0638 V           ; 0.034 V                              ; 0.099 V                              ; 5.12e-10 s                  ; 2.97e-10 s                  ; Yes                        ; Yes                        ; 3.08 V                      ; 2.61e-05 V                  ; 3.09 V             ; -0.0638 V          ; 0.034 V                             ; 0.099 V                             ; 5.12e-10 s                 ; 2.97e-10 s                 ; Yes                       ; Yes                       ;
; HEX4[2]    ; 3.3-V LVTTL  ; 0 s                 ; 0 s                 ; 3.08 V                       ; 3.32e-05 V                   ; 3.09 V              ; -0.11 V             ; 0.031 V                              ; 0.155 V                              ; 5.43e-10 s                  ; 3.14e-10 s                  ; Yes                        ; Yes                        ; 3.08 V                      ; 3.32e-05 V                  ; 3.09 V             ; -0.11 V            ; 0.031 V                             ; 0.155 V                             ; 5.43e-10 s                 ; 3.14e-10 s                 ; Yes                       ; Yes                       ;
; HEX4[1]    ; 3.3-V LVTTL  ; 0 s                 ; 0 s                 ; 3.08 V                       ; 3.19e-05 V                   ; 3.1 V               ; -0.133 V            ; 0.025 V                              ; 0.169 V                              ; 4.92e-10 s                  ; 3.13e-10 s                  ; Yes                        ; No                         ; 3.08 V                      ; 3.19e-05 V                  ; 3.1 V              ; -0.133 V           ; 0.025 V                             ; 0.169 V                             ; 4.92e-10 s                 ; 3.13e-10 s                 ; Yes                       ; No                        ;
; HEX4[0]    ; 3.3-V LVTTL  ; 0 s                 ; 0 s                 ; 3.08 V                       ; 2.61e-05 V                   ; 3.09 V              ; -0.0638 V           ; 0.034 V                              ; 0.099 V                              ; 5.12e-10 s                  ; 2.97e-10 s                  ; Yes                        ; Yes                        ; 3.08 V                      ; 2.61e-05 V                  ; 3.09 V             ; -0.0638 V          ; 0.034 V                             ; 0.099 V                             ; 5.12e-10 s                 ; 2.97e-10 s                 ; Yes                       ; Yes                       ;
; HEX5[6]    ; 3.3-V LVTTL  ; 0 s                 ; 0 s                 ; 3.08 V                       ; 2.61e-05 V                   ; 3.09 V              ; -0.0638 V           ; 0.034 V                              ; 0.099 V                              ; 5.12e-10 s                  ; 2.97e-10 s                  ; Yes                        ; Yes                        ; 3.08 V                      ; 2.61e-05 V                  ; 3.09 V             ; -0.0638 V          ; 0.034 V                             ; 0.099 V                             ; 5.12e-10 s                 ; 2.97e-10 s                 ; Yes                       ; Yes                       ;
; HEX5[5]    ; 3.3-V LVTTL  ; 0 s                 ; 0 s                 ; 3.08 V                       ; 3.32e-05 V                   ; 3.09 V              ; -0.11 V             ; 0.031 V                              ; 0.155 V                              ; 5.43e-10 s                  ; 3.14e-10 s                  ; Yes                        ; Yes                        ; 3.08 V                      ; 3.32e-05 V                  ; 3.09 V             ; -0.11 V            ; 0.031 V                             ; 0.155 V                             ; 5.43e-10 s                 ; 3.14e-10 s                 ; Yes                       ; Yes                       ;
; HEX5[4]    ; 3.3-V LVTTL  ; 0 s                 ; 0 s                 ; 3.08 V                       ; 2.61e-05 V                   ; 3.09 V              ; -0.0638 V           ; 0.034 V                              ; 0.099 V                              ; 5.12e-10 s                  ; 2.97e-10 s                  ; Yes                        ; Yes                        ; 3.08 V                      ; 2.61e-05 V                  ; 3.09 V             ; -0.0638 V          ; 0.034 V                             ; 0.099 V                             ; 5.12e-10 s                 ; 2.97e-10 s                 ; Yes                       ; Yes                       ;
; HEX5[3]    ; 3.3-V LVTTL  ; 0 s                 ; 0 s                 ; 3.08 V                       ; 2.61e-05 V                   ; 3.09 V              ; -0.0638 V           ; 0.034 V                              ; 0.099 V                              ; 5.12e-10 s                  ; 2.97e-10 s                  ; Yes                        ; Yes                        ; 3.08 V                      ; 2.61e-05 V                  ; 3.09 V             ; -0.0638 V          ; 0.034 V                             ; 0.099 V                             ; 5.12e-10 s                 ; 2.97e-10 s                 ; Yes                       ; Yes                       ;
; HEX5[2]    ; 3.3-V LVTTL  ; 0 s                 ; 0 s                 ; 3.08 V                       ; 3.32e-05 V                   ; 3.09 V              ; -0.11 V             ; 0.031 V                              ; 0.155 V                              ; 5.43e-10 s                  ; 3.14e-10 s                  ; Yes                        ; Yes                        ; 3.08 V                      ; 3.32e-05 V                  ; 3.09 V             ; -0.11 V            ; 0.031 V                             ; 0.155 V                             ; 5.43e-10 s                 ; 3.14e-10 s                 ; Yes                       ; Yes                       ;
; HEX5[1]    ; 3.3-V LVTTL  ; 0 s                 ; 0 s                 ; 3.08 V                       ; 3.32e-05 V                   ; 3.09 V              ; -0.11 V             ; 0.031 V                              ; 0.155 V                              ; 5.43e-10 s                  ; 3.14e-10 s                  ; Yes                        ; Yes                        ; 3.08 V                      ; 3.32e-05 V                  ; 3.09 V             ; -0.11 V            ; 0.031 V                             ; 0.155 V                             ; 5.43e-10 s                 ; 3.14e-10 s                 ; Yes                       ; Yes                       ;
; HEX5[0]    ; 3.3-V LVTTL  ; 0 s                 ; 0 s                 ; 3.08 V                       ; 2.61e-05 V                   ; 3.09 V              ; -0.0638 V           ; 0.034 V                              ; 0.099 V                              ; 5.12e-10 s                  ; 2.97e-10 s                  ; Yes                        ; Yes                        ; 3.08 V                      ; 2.61e-05 V                  ; 3.09 V             ; -0.0638 V          ; 0.034 V                             ; 0.099 V                             ; 5.12e-10 s                 ; 2.97e-10 s                 ; Yes                       ; Yes                       ;
+------------+--------------+---------------------+---------------------+------------------------------+------------------------------+---------------------+---------------------+--------------------------------------+--------------------------------------+-----------------------------+-----------------------------+----------------------------+----------------------------+-----------------------------+-----------------------------+--------------------+--------------------+-------------------------------------+-------------------------------------+----------------------------+----------------------------+---------------------------+---------------------------+


+-----------------------------------------------------------------------------------------------------------------------------------------------------------------------------------------------------------------------------------------------------------------------------------------------------------------------------------------------------------------------------------------------------------------------------------------------------------------------------------------------------------------------------------------------------------------------------------------------------------------------------------------------------------------------------------------+
; Signal Integrity Metrics (Fast 1100mv 0c Model)                                                                                                                                                                                                                                                                                                                                                                                                                                                                                                                                                                                                                                         ;
+------------+--------------+---------------------+---------------------+------------------------------+------------------------------+---------------------+---------------------+--------------------------------------+--------------------------------------+-----------------------------+-----------------------------+----------------------------+----------------------------+-----------------------------+-----------------------------+--------------------+--------------------+-------------------------------------+-------------------------------------+----------------------------+----------------------------+---------------------------+---------------------------+
; Pin        ; I/O Standard ; Board Delay on Rise ; Board Delay on Fall ; Steady State Voh at FPGA Pin ; Steady State Vol at FPGA Pin ; Voh Max at FPGA Pin ; Vol Min at FPGA Pin ; Ringback Voltage on Rise at FPGA Pin ; Ringback Voltage on Fall at FPGA Pin ; 10-90 Rise Time at FPGA Pin ; 90-10 Fall Time at FPGA Pin ; Monotonic Rise at FPGA Pin ; Monotonic Fall at FPGA Pin ; Steady State Voh at Far-end ; Steady State Vol at Far-end ; Voh Max at Far-end ; Vol Min at Far-end ; Ringback Voltage on Rise at Far-end ; Ringback Voltage on Fall at Far-end ; 10-90 Rise Time at Far-end ; 90-10 Fall Time at Far-end ; Monotonic Rise at Far-end ; Monotonic Fall at Far-end ;
+------------+--------------+---------------------+---------------------+------------------------------+------------------------------+---------------------+---------------------+--------------------------------------+--------------------------------------+-----------------------------+-----------------------------+----------------------------+----------------------------+-----------------------------+-----------------------------+--------------------+--------------------+-------------------------------------+-------------------------------------+----------------------------+----------------------------+---------------------------+---------------------------+
; I2C_SDA    ; 3.3-V LVTTL  ; 0 s                 ; 0 s                 ; 3.63 V                       ; 4.94e-06 V                   ; 3.69 V              ; -0.414 V            ; 0.134 V                              ; 0.585 V                              ; 4.19e-10 s                  ; 1.53e-10 s                  ; Yes                        ; No                         ; 3.63 V                      ; 4.94e-06 V                  ; 3.69 V             ; -0.414 V           ; 0.134 V                             ; 0.585 V                             ; 4.19e-10 s                 ; 1.53e-10 s                 ; Yes                       ; No                        ;
; AUD_XCK    ; 3.3-V LVTTL  ; 0 s                 ; 0 s                 ; 3.63 V                       ; 4.72e-06 V                   ; 3.7 V               ; -0.49 V             ; 0.117 V                              ; 0.622 V                              ; 3.84e-10 s                  ; 1.48e-10 s                  ; Yes                        ; No                         ; 3.63 V                      ; 4.72e-06 V                  ; 3.7 V              ; -0.49 V            ; 0.117 V                             ; 0.622 V                             ; 3.84e-10 s                 ; 1.48e-10 s                 ; Yes                       ; No                        ;
; AUD_DACDAT ; 3.3-V LVTTL  ; 0 s                 ; 0 s                 ; 3.63 V                       ; 4.72e-06 V                   ; 3.7 V               ; -0.49 V             ; 0.117 V                              ; 0.622 V                              ; 3.84e-10 s                  ; 1.48e-10 s                  ; Yes                        ; No                         ; 3.63 V                      ; 4.72e-06 V                  ; 3.7 V              ; -0.49 V            ; 0.117 V                             ; 0.622 V                             ; 3.84e-10 s                 ; 1.48e-10 s                 ; Yes                       ; No                        ;
; I2C_SCL    ; 3.3-V LVTTL  ; 0 s                 ; 0 s                 ; 3.63 V                       ; 3.63e-06 V                   ; 3.64 V              ; -0.326 V            ; 0.091 V                              ; 0.479 V                              ; 3.83e-10 s                  ; 1.5e-10 s                   ; Yes                        ; No                         ; 3.63 V                      ; 3.63e-06 V                  ; 3.64 V             ; -0.326 V           ; 0.091 V                             ; 0.479 V                             ; 3.83e-10 s                 ; 1.5e-10 s                  ; Yes                       ; No                        ;
; LED9       ; 3.3-V LVTTL  ; 0 s                 ; 0 s                 ; 3.63 V                       ; 4.94e-06 V                   ; 3.69 V              ; -0.414 V            ; 0.134 V                              ; 0.585 V                              ; 4.19e-10 s                  ; 1.53e-10 s                  ; Yes                        ; No                         ; 3.63 V                      ; 4.94e-06 V                  ; 3.69 V             ; -0.414 V           ; 0.134 V                             ; 0.585 V                             ; 4.19e-10 s                 ; 1.53e-10 s                 ; Yes                       ; No                        ;
; LED8       ; 3.3-V LVTTL  ; 0 s                 ; 0 s                 ; 3.63 V                       ; 4.94e-06 V                   ; 3.69 V              ; -0.414 V            ; 0.134 V                              ; 0.585 V                              ; 4.19e-10 s                  ; 1.53e-10 s                  ; Yes                        ; No                         ; 3.63 V                      ; 4.94e-06 V                  ; 3.69 V             ; -0.414 V           ; 0.134 V                             ; 0.585 V                             ; 4.19e-10 s                 ; 1.53e-10 s                 ; Yes                       ; No                        ;
; LED7       ; 3.3-V LVTTL  ; 0 s                 ; 0 s                 ; 3.63 V                       ; 3.63e-06 V                   ; 3.64 V              ; -0.326 V            ; 0.091 V                              ; 0.479 V                              ; 3.83e-10 s                  ; 1.5e-10 s                   ; Yes                        ; No                         ; 3.63 V                      ; 3.63e-06 V                  ; 3.64 V             ; -0.326 V           ; 0.091 V                             ; 0.479 V                             ; 3.83e-10 s                 ; 1.5e-10 s                  ; Yes                       ; No                        ;
; LED6       ; 3.3-V LVTTL  ; 0 s                 ; 0 s                 ; 3.63 V                       ; 4.72e-06 V                   ; 3.7 V               ; -0.49 V             ; 0.117 V                              ; 0.621 V                              ; 3.84e-10 s                  ; 1.48e-10 s                  ; Yes                        ; No                         ; 3.63 V                      ; 4.72e-06 V                  ; 3.7 V              ; -0.49 V            ; 0.117 V                             ; 0.621 V                             ; 3.84e-10 s                 ; 1.48e-10 s                 ; Yes                       ; No                        ;
; HEX0[6]    ; 3.3-V LVTTL  ; 0 s                 ; 0 s                 ; 3.63 V                       ; 4.72e-06 V                   ; 3.7 V               ; -0.49 V             ; 0.117 V                              ; 0.621 V                              ; 3.84e-10 s                  ; 1.48e-10 s                  ; Yes                        ; No                         ; 3.63 V                      ; 4.72e-06 V                  ; 3.7 V              ; -0.49 V            ; 0.117 V                             ; 0.621 V                             ; 3.84e-10 s                 ; 1.48e-10 s                 ; Yes                       ; No                        ;
; HEX0[5]    ; 3.3-V LVTTL  ; 0 s                 ; 0 s                 ; 3.63 V                       ; 4.72e-06 V                   ; 3.7 V               ; -0.49 V             ; 0.117 V                              ; 0.622 V                              ; 3.84e-10 s                  ; 1.48e-10 s                  ; Yes                        ; No                         ; 3.63 V                      ; 4.72e-06 V                  ; 3.7 V              ; -0.49 V            ; 0.117 V                             ; 0.622 V                             ; 3.84e-10 s                 ; 1.48e-10 s                 ; Yes                       ; No                        ;
; HEX0[4]    ; 3.3-V LVTTL  ; 0 s                 ; 0 s                 ; 3.63 V                       ; 4.72e-06 V                   ; 3.7 V               ; -0.49 V             ; 0.117 V                              ; 0.622 V                              ; 3.84e-10 s                  ; 1.48e-10 s                  ; Yes                        ; No                         ; 3.63 V                      ; 4.72e-06 V                  ; 3.7 V              ; -0.49 V            ; 0.117 V                             ; 0.622 V                             ; 3.84e-10 s                 ; 1.48e-10 s                 ; Yes                       ; No                        ;
; HEX0[3]    ; 3.3-V LVTTL  ; 0 s                 ; 0 s                 ; 3.63 V                       ; 4.72e-06 V                   ; 3.7 V               ; -0.49 V             ; 0.117 V                              ; 0.622 V                              ; 3.84e-10 s                  ; 1.48e-10 s                  ; Yes                        ; No                         ; 3.63 V                      ; 4.72e-06 V                  ; 3.7 V              ; -0.49 V            ; 0.117 V                             ; 0.622 V                             ; 3.84e-10 s                 ; 1.48e-10 s                 ; Yes                       ; No                        ;
; HEX0[2]    ; 3.3-V LVTTL  ; 0 s                 ; 0 s                 ; 3.63 V                       ; 4.72e-06 V                   ; 3.7 V               ; -0.49 V             ; 0.117 V                              ; 0.621 V                              ; 3.84e-10 s                  ; 1.48e-10 s                  ; Yes                        ; No                         ; 3.63 V                      ; 4.72e-06 V                  ; 3.7 V              ; -0.49 V            ; 0.117 V                             ; 0.621 V                             ; 3.84e-10 s                 ; 1.48e-10 s                 ; Yes                       ; No                        ;
; HEX0[1]    ; 3.3-V LVTTL  ; 0 s                 ; 0 s                 ; 3.63 V                       ; 4.94e-06 V                   ; 3.69 V              ; -0.414 V            ; 0.134 V                              ; 0.585 V                              ; 4.19e-10 s                  ; 1.53e-10 s                  ; Yes                        ; No                         ; 3.63 V                      ; 4.94e-06 V                  ; 3.69 V             ; -0.414 V           ; 0.134 V                             ; 0.585 V                             ; 4.19e-10 s                 ; 1.53e-10 s                 ; Yes                       ; No                        ;
; HEX0[0]    ; 3.3-V LVTTL  ; 0 s                 ; 0 s                 ; 3.63 V                       ; 3.63e-06 V                   ; 3.64 V              ; -0.326 V            ; 0.091 V                              ; 0.479 V                              ; 3.83e-10 s                  ; 1.5e-10 s                   ; Yes                        ; No                         ; 3.63 V                      ; 3.63e-06 V                  ; 3.64 V             ; -0.326 V           ; 0.091 V                             ; 0.479 V                             ; 3.83e-10 s                 ; 1.5e-10 s                  ; Yes                       ; No                        ;
; HEX1[6]    ; 3.3-V LVTTL  ; 0 s                 ; 0 s                 ; 3.63 V                       ; 4.94e-06 V                   ; 3.69 V              ; -0.414 V            ; 0.134 V                              ; 0.585 V                              ; 4.19e-10 s                  ; 1.53e-10 s                  ; Yes                        ; No                         ; 3.63 V                      ; 4.94e-06 V                  ; 3.69 V             ; -0.414 V           ; 0.134 V                             ; 0.585 V                             ; 4.19e-10 s                 ; 1.53e-10 s                 ; Yes                       ; No                        ;
; HEX1[5]    ; 3.3-V LVTTL  ; 0 s                 ; 0 s                 ; 3.63 V                       ; 4.94e-06 V                   ; 3.69 V              ; -0.414 V            ; 0.134 V                              ; 0.585 V                              ; 4.19e-10 s                  ; 1.53e-10 s                  ; Yes                        ; No                         ; 3.63 V                      ; 4.94e-06 V                  ; 3.69 V             ; -0.414 V           ; 0.134 V                             ; 0.585 V                             ; 4.19e-10 s                 ; 1.53e-10 s                 ; Yes                       ; No                        ;
; HEX1[4]    ; 3.3-V LVTTL  ; 0 s                 ; 0 s                 ; 3.63 V                       ; 4.94e-06 V                   ; 3.69 V              ; -0.414 V            ; 0.134 V                              ; 0.585 V                              ; 4.19e-10 s                  ; 1.53e-10 s                  ; Yes                        ; No                         ; 3.63 V                      ; 4.94e-06 V                  ; 3.69 V             ; -0.414 V           ; 0.134 V                             ; 0.585 V                             ; 4.19e-10 s                 ; 1.53e-10 s                 ; Yes                       ; No                        ;
; HEX1[3]    ; 3.3-V LVTTL  ; 0 s                 ; 0 s                 ; 3.63 V                       ; 3.63e-06 V                   ; 3.64 V              ; -0.326 V            ; 0.091 V                              ; 0.479 V                              ; 3.83e-10 s                  ; 1.5e-10 s                   ; Yes                        ; No                         ; 3.63 V                      ; 3.63e-06 V                  ; 3.64 V             ; -0.326 V           ; 0.091 V                             ; 0.479 V                             ; 3.83e-10 s                 ; 1.5e-10 s                  ; Yes                       ; No                        ;
; HEX1[2]    ; 3.3-V LVTTL  ; 0 s                 ; 0 s                 ; 3.63 V                       ; 4.72e-06 V                   ; 3.7 V               ; -0.49 V             ; 0.117 V                              ; 0.622 V                              ; 3.84e-10 s                  ; 1.48e-10 s                  ; Yes                        ; No                         ; 3.63 V                      ; 4.72e-06 V                  ; 3.7 V              ; -0.49 V            ; 0.117 V                             ; 0.622 V                             ; 3.84e-10 s                 ; 1.48e-10 s                 ; Yes                       ; No                        ;
; HEX1[1]    ; 3.3-V LVTTL  ; 0 s                 ; 0 s                 ; 3.63 V                       ; 4.94e-06 V                   ; 3.69 V              ; -0.414 V            ; 0.134 V                              ; 0.585 V                              ; 4.19e-10 s                  ; 1.53e-10 s                  ; Yes                        ; No                         ; 3.63 V                      ; 4.94e-06 V                  ; 3.69 V             ; -0.414 V           ; 0.134 V                             ; 0.585 V                             ; 4.19e-10 s                 ; 1.53e-10 s                 ; Yes                       ; No                        ;
; HEX1[0]    ; 3.3-V LVTTL  ; 0 s                 ; 0 s                 ; 3.63 V                       ; 4.72e-06 V                   ; 3.7 V               ; -0.49 V             ; 0.117 V                              ; 0.621 V                              ; 3.84e-10 s                  ; 1.48e-10 s                  ; Yes                        ; No                         ; 3.63 V                      ; 4.72e-06 V                  ; 3.7 V              ; -0.49 V            ; 0.117 V                             ; 0.621 V                             ; 3.84e-10 s                 ; 1.48e-10 s                 ; Yes                       ; No                        ;
; HEX2[6]    ; 3.3-V LVTTL  ; 0 s                 ; 0 s                 ; 3.63 V                       ; 3.63e-06 V                   ; 3.64 V              ; -0.326 V            ; 0.091 V                              ; 0.479 V                              ; 3.83e-10 s                  ; 1.5e-10 s                   ; Yes                        ; No                         ; 3.63 V                      ; 3.63e-06 V                  ; 3.64 V             ; -0.326 V           ; 0.091 V                             ; 0.479 V                             ; 3.83e-10 s                 ; 1.5e-10 s                  ; Yes                       ; No                        ;
; HEX2[5]    ; 3.3-V LVTTL  ; 0 s                 ; 0 s                 ; 3.63 V                       ; 3.63e-06 V                   ; 3.64 V              ; -0.326 V            ; 0.091 V                              ; 0.479 V                              ; 3.83e-10 s                  ; 1.5e-10 s                   ; Yes                        ; No                         ; 3.63 V                      ; 3.63e-06 V                  ; 3.64 V             ; -0.326 V           ; 0.091 V                             ; 0.479 V                             ; 3.83e-10 s                 ; 1.5e-10 s                  ; Yes                       ; No                        ;
; HEX2[4]    ; 3.3-V LVTTL  ; 0 s                 ; 0 s                 ; 3.63 V                       ; 4.94e-06 V                   ; 3.69 V              ; -0.414 V            ; 0.134 V                              ; 0.585 V                              ; 4.19e-10 s                  ; 1.53e-10 s                  ; Yes                        ; No                         ; 3.63 V                      ; 4.94e-06 V                  ; 3.69 V             ; -0.414 V           ; 0.134 V                             ; 0.585 V                             ; 4.19e-10 s                 ; 1.53e-10 s                 ; Yes                       ; No                        ;
; HEX2[3]    ; 3.3-V LVTTL  ; 0 s                 ; 0 s                 ; 3.63 V                       ; 4.94e-06 V                   ; 3.69 V              ; -0.414 V            ; 0.134 V                              ; 0.585 V                              ; 4.19e-10 s                  ; 1.53e-10 s                  ; Yes                        ; No                         ; 3.63 V                      ; 4.94e-06 V                  ; 3.69 V             ; -0.414 V           ; 0.134 V                             ; 0.585 V                             ; 4.19e-10 s                 ; 1.53e-10 s                 ; Yes                       ; No                        ;
; HEX2[2]    ; 3.3-V LVTTL  ; 0 s                 ; 0 s                 ; 3.63 V                       ; 3.63e-06 V                   ; 3.64 V              ; -0.326 V            ; 0.091 V                              ; 0.479 V                              ; 3.83e-10 s                  ; 1.5e-10 s                   ; Yes                        ; No                         ; 3.63 V                      ; 3.63e-06 V                  ; 3.64 V             ; -0.326 V           ; 0.091 V                             ; 0.479 V                             ; 3.83e-10 s                 ; 1.5e-10 s                  ; Yes                       ; No                        ;
; HEX2[1]    ; 3.3-V LVTTL  ; 0 s                 ; 0 s                 ; 3.63 V                       ; 3.63e-06 V                   ; 3.64 V              ; -0.326 V            ; 0.091 V                              ; 0.479 V                              ; 3.83e-10 s                  ; 1.5e-10 s                   ; Yes                        ; No                         ; 3.63 V                      ; 3.63e-06 V                  ; 3.64 V             ; -0.326 V           ; 0.091 V                             ; 0.479 V                             ; 3.83e-10 s                 ; 1.5e-10 s                  ; Yes                       ; No                        ;
; HEX2[0]    ; 3.3-V LVTTL  ; 0 s                 ; 0 s                 ; 3.63 V                       ; 4.94e-06 V                   ; 3.69 V              ; -0.414 V            ; 0.134 V                              ; 0.585 V                              ; 4.19e-10 s                  ; 1.53e-10 s                  ; Yes                        ; No                         ; 3.63 V                      ; 4.94e-06 V                  ; 3.69 V             ; -0.414 V           ; 0.134 V                             ; 0.585 V                             ; 4.19e-10 s                 ; 1.53e-10 s                 ; Yes                       ; No                        ;
; HEX3[6]    ; 3.3-V LVTTL  ; 0 s                 ; 0 s                 ; 3.63 V                       ; 4.94e-06 V                   ; 3.69 V              ; -0.414 V            ; 0.134 V                              ; 0.585 V                              ; 4.19e-10 s                  ; 1.53e-10 s                  ; Yes                        ; No                         ; 3.63 V                      ; 4.94e-06 V                  ; 3.69 V             ; -0.414 V           ; 0.134 V                             ; 0.585 V                             ; 4.19e-10 s                 ; 1.53e-10 s                 ; Yes                       ; No                        ;
; HEX3[5]    ; 3.3-V LVTTL  ; 0 s                 ; 0 s                 ; 3.63 V                       ; 3.63e-06 V                   ; 3.64 V              ; -0.326 V            ; 0.091 V                              ; 0.479 V                              ; 3.83e-10 s                  ; 1.5e-10 s                   ; Yes                        ; No                         ; 3.63 V                      ; 3.63e-06 V                  ; 3.64 V             ; -0.326 V           ; 0.091 V                             ; 0.479 V                             ; 3.83e-10 s                 ; 1.5e-10 s                  ; Yes                       ; No                        ;
; HEX3[4]    ; 3.3-V LVTTL  ; 0 s                 ; 0 s                 ; 3.63 V                       ; 4.94e-06 V                   ; 3.69 V              ; -0.414 V            ; 0.134 V                              ; 0.585 V                              ; 4.19e-10 s                  ; 1.53e-10 s                  ; Yes                        ; No                         ; 3.63 V                      ; 4.94e-06 V                  ; 3.69 V             ; -0.414 V           ; 0.134 V                             ; 0.585 V                             ; 4.19e-10 s                 ; 1.53e-10 s                 ; Yes                       ; No                        ;
; HEX3[3]    ; 3.3-V LVTTL  ; 0 s                 ; 0 s                 ; 3.63 V                       ; 3.63e-06 V                   ; 3.64 V              ; -0.326 V            ; 0.091 V                              ; 0.479 V                              ; 3.83e-10 s                  ; 1.5e-10 s                   ; Yes                        ; No                         ; 3.63 V                      ; 3.63e-06 V                  ; 3.64 V             ; -0.326 V           ; 0.091 V                             ; 0.479 V                             ; 3.83e-10 s                 ; 1.5e-10 s                  ; Yes                       ; No                        ;
; HEX3[2]    ; 3.3-V LVTTL  ; 0 s                 ; 0 s                 ; 3.63 V                       ; 3.63e-06 V                   ; 3.64 V              ; -0.326 V            ; 0.091 V                              ; 0.479 V                              ; 3.83e-10 s                  ; 1.5e-10 s                   ; Yes                        ; No                         ; 3.63 V                      ; 3.63e-06 V                  ; 3.64 V             ; -0.326 V           ; 0.091 V                             ; 0.479 V                             ; 3.83e-10 s                 ; 1.5e-10 s                  ; Yes                       ; No                        ;
; HEX3[1]    ; 3.3-V LVTTL  ; 0 s                 ; 0 s                 ; 3.63 V                       ; 3.63e-06 V                   ; 3.64 V              ; -0.326 V            ; 0.091 V                              ; 0.479 V                              ; 3.83e-10 s                  ; 1.5e-10 s                   ; Yes                        ; No                         ; 3.63 V                      ; 3.63e-06 V                  ; 3.64 V             ; -0.326 V           ; 0.091 V                             ; 0.479 V                             ; 3.83e-10 s                 ; 1.5e-10 s                  ; Yes                       ; No                        ;
; HEX3[0]    ; 3.3-V LVTTL  ; 0 s                 ; 0 s                 ; 3.63 V                       ; 4.94e-06 V                   ; 3.69 V              ; -0.414 V            ; 0.134 V                              ; 0.585 V                              ; 4.19e-10 s                  ; 1.53e-10 s                  ; Yes                        ; No                         ; 3.63 V                      ; 4.94e-06 V                  ; 3.69 V             ; -0.414 V           ; 0.134 V                             ; 0.585 V                             ; 4.19e-10 s                 ; 1.53e-10 s                 ; Yes                       ; No                        ;
; HEX4[6]    ; 3.3-V LVTTL  ; 0 s                 ; 0 s                 ; 3.63 V                       ; 4.72e-06 V                   ; 3.7 V               ; -0.49 V             ; 0.117 V                              ; 0.621 V                              ; 3.84e-10 s                  ; 1.48e-10 s                  ; Yes                        ; No                         ; 3.63 V                      ; 4.72e-06 V                  ; 3.7 V              ; -0.49 V            ; 0.117 V                             ; 0.621 V                             ; 3.84e-10 s                 ; 1.48e-10 s                 ; Yes                       ; No                        ;
; HEX4[5]    ; 3.3-V LVTTL  ; 0 s                 ; 0 s                 ; 3.63 V                       ; 4.94e-06 V                   ; 3.69 V              ; -0.414 V            ; 0.134 V                              ; 0.585 V                              ; 4.19e-10 s                  ; 1.53e-10 s                  ; Yes                        ; No                         ; 3.63 V                      ; 4.94e-06 V                  ; 3.69 V             ; -0.414 V           ; 0.134 V                             ; 0.585 V                             ; 4.19e-10 s                 ; 1.53e-10 s                 ; Yes                       ; No                        ;
; HEX4[4]    ; 3.3-V LVTTL  ; 0 s                 ; 0 s                 ; 3.63 V                       ; 4.72e-06 V                   ; 3.7 V               ; -0.49 V             ; 0.117 V                              ; 0.622 V                              ; 3.84e-10 s                  ; 1.48e-10 s                  ; Yes                        ; No                         ; 3.63 V                      ; 4.72e-06 V                  ; 3.7 V              ; -0.49 V            ; 0.117 V                             ; 0.622 V                             ; 3.84e-10 s                 ; 1.48e-10 s                 ; Yes                       ; No                        ;
; HEX4[3]    ; 3.3-V LVTTL  ; 0 s                 ; 0 s                 ; 3.63 V                       ; 3.63e-06 V                   ; 3.64 V              ; -0.326 V            ; 0.091 V                              ; 0.479 V                              ; 3.83e-10 s                  ; 1.5e-10 s                   ; Yes                        ; No                         ; 3.63 V                      ; 3.63e-06 V                  ; 3.64 V             ; -0.326 V           ; 0.091 V                             ; 0.479 V                             ; 3.83e-10 s                 ; 1.5e-10 s                  ; Yes                       ; No                        ;
; HEX4[2]    ; 3.3-V LVTTL  ; 0 s                 ; 0 s                 ; 3.63 V                       ; 4.94e-06 V                   ; 3.69 V              ; -0.414 V            ; 0.134 V                              ; 0.585 V                              ; 4.19e-10 s                  ; 1.53e-10 s                  ; Yes                        ; No                         ; 3.63 V                      ; 4.94e-06 V                  ; 3.69 V             ; -0.414 V           ; 0.134 V                             ; 0.585 V                             ; 4.19e-10 s                 ; 1.53e-10 s                 ; Yes                       ; No                        ;
; HEX4[1]    ; 3.3-V LVTTL  ; 0 s                 ; 0 s                 ; 3.63 V                       ; 4.72e-06 V                   ; 3.7 V               ; -0.49 V             ; 0.117 V                              ; 0.622 V                              ; 3.84e-10 s                  ; 1.48e-10 s                  ; Yes                        ; No                         ; 3.63 V                      ; 4.72e-06 V                  ; 3.7 V              ; -0.49 V            ; 0.117 V                             ; 0.622 V                             ; 3.84e-10 s                 ; 1.48e-10 s                 ; Yes                       ; No                        ;
; HEX4[0]    ; 3.3-V LVTTL  ; 0 s                 ; 0 s                 ; 3.63 V                       ; 3.63e-06 V                   ; 3.64 V              ; -0.326 V            ; 0.091 V                              ; 0.479 V                              ; 3.83e-10 s                  ; 1.5e-10 s                   ; Yes                        ; No                         ; 3.63 V                      ; 3.63e-06 V                  ; 3.64 V             ; -0.326 V           ; 0.091 V                             ; 0.479 V                             ; 3.83e-10 s                 ; 1.5e-10 s                  ; Yes                       ; No                        ;
; HEX5[6]    ; 3.3-V LVTTL  ; 0 s                 ; 0 s                 ; 3.63 V                       ; 3.63e-06 V                   ; 3.64 V              ; -0.326 V            ; 0.091 V                              ; 0.479 V                              ; 3.83e-10 s                  ; 1.5e-10 s                   ; Yes                        ; No                         ; 3.63 V                      ; 3.63e-06 V                  ; 3.64 V             ; -0.326 V           ; 0.091 V                             ; 0.479 V                             ; 3.83e-10 s                 ; 1.5e-10 s                  ; Yes                       ; No                        ;
; HEX5[5]    ; 3.3-V LVTTL  ; 0 s                 ; 0 s                 ; 3.63 V                       ; 4.94e-06 V                   ; 3.69 V              ; -0.414 V            ; 0.134 V                              ; 0.585 V                              ; 4.19e-10 s                  ; 1.53e-10 s                  ; Yes                        ; No                         ; 3.63 V                      ; 4.94e-06 V                  ; 3.69 V             ; -0.414 V           ; 0.134 V                             ; 0.585 V                             ; 4.19e-10 s                 ; 1.53e-10 s                 ; Yes                       ; No                        ;
; HEX5[4]    ; 3.3-V LVTTL  ; 0 s                 ; 0 s                 ; 3.63 V                       ; 3.63e-06 V                   ; 3.64 V              ; -0.326 V            ; 0.091 V                              ; 0.479 V                              ; 3.83e-10 s                  ; 1.5e-10 s                   ; Yes                        ; No                         ; 3.63 V                      ; 3.63e-06 V                  ; 3.64 V             ; -0.326 V           ; 0.091 V                             ; 0.479 V                             ; 3.83e-10 s                 ; 1.5e-10 s                  ; Yes                       ; No                        ;
; HEX5[3]    ; 3.3-V LVTTL  ; 0 s                 ; 0 s                 ; 3.63 V                       ; 3.63e-06 V                   ; 3.64 V              ; -0.326 V            ; 0.091 V                              ; 0.479 V                              ; 3.83e-10 s                  ; 1.5e-10 s                   ; Yes                        ; No                         ; 3.63 V                      ; 3.63e-06 V                  ; 3.64 V             ; -0.326 V           ; 0.091 V                             ; 0.479 V                             ; 3.83e-10 s                 ; 1.5e-10 s                  ; Yes                       ; No                        ;
; HEX5[2]    ; 3.3-V LVTTL  ; 0 s                 ; 0 s                 ; 3.63 V                       ; 4.94e-06 V                   ; 3.69 V              ; -0.414 V            ; 0.134 V                              ; 0.585 V                              ; 4.19e-10 s                  ; 1.53e-10 s                  ; Yes                        ; No                         ; 3.63 V                      ; 4.94e-06 V                  ; 3.69 V             ; -0.414 V           ; 0.134 V                             ; 0.585 V                             ; 4.19e-10 s                 ; 1.53e-10 s                 ; Yes                       ; No                        ;
; HEX5[1]    ; 3.3-V LVTTL  ; 0 s                 ; 0 s                 ; 3.63 V                       ; 4.94e-06 V                   ; 3.69 V              ; -0.414 V            ; 0.134 V                              ; 0.585 V                              ; 4.19e-10 s                  ; 1.53e-10 s                  ; Yes                        ; No                         ; 3.63 V                      ; 4.94e-06 V                  ; 3.69 V             ; -0.414 V           ; 0.134 V                             ; 0.585 V                             ; 4.19e-10 s                 ; 1.53e-10 s                 ; Yes                       ; No                        ;
; HEX5[0]    ; 3.3-V LVTTL  ; 0 s                 ; 0 s                 ; 3.63 V                       ; 3.63e-06 V                   ; 3.64 V              ; -0.326 V            ; 0.091 V                              ; 0.479 V                              ; 3.83e-10 s                  ; 1.5e-10 s                   ; Yes                        ; No                         ; 3.63 V                      ; 3.63e-06 V                  ; 3.64 V             ; -0.326 V           ; 0.091 V                             ; 0.479 V                             ; 3.83e-10 s                 ; 1.5e-10 s                  ; Yes                       ; No                        ;
+------------+--------------+---------------------+---------------------+------------------------------+------------------------------+---------------------+---------------------+--------------------------------------+--------------------------------------+-----------------------------+-----------------------------+----------------------------+----------------------------+-----------------------------+-----------------------------+--------------------+--------------------+-------------------------------------+-------------------------------------+----------------------------+----------------------------+---------------------------+---------------------------+


+-----------------------------------------------------------------------------------------------------------------------------------------------------------------------------------------------------------------------------------------------------------------------------------------------------------------------------------------------------------------------------------------------------------------------------------------------------------------------------------------------------------------------------------------------------------------------------------------------------------------------------------------------------------------------------------------+
; Signal Integrity Metrics (Fast 1100mv 85c Model)                                                                                                                                                                                                                                                                                                                                                                                                                                                                                                                                                                                                                                        ;
+------------+--------------+---------------------+---------------------+------------------------------+------------------------------+---------------------+---------------------+--------------------------------------+--------------------------------------+-----------------------------+-----------------------------+----------------------------+----------------------------+-----------------------------+-----------------------------+--------------------+--------------------+-------------------------------------+-------------------------------------+----------------------------+----------------------------+---------------------------+---------------------------+
; Pin        ; I/O Standard ; Board Delay on Rise ; Board Delay on Fall ; Steady State Voh at FPGA Pin ; Steady State Vol at FPGA Pin ; Voh Max at FPGA Pin ; Vol Min at FPGA Pin ; Ringback Voltage on Rise at FPGA Pin ; Ringback Voltage on Fall at FPGA Pin ; 10-90 Rise Time at FPGA Pin ; 90-10 Fall Time at FPGA Pin ; Monotonic Rise at FPGA Pin ; Monotonic Fall at FPGA Pin ; Steady State Voh at Far-end ; Steady State Vol at Far-end ; Voh Max at Far-end ; Vol Min at Far-end ; Ringback Voltage on Rise at Far-end ; Ringback Voltage on Fall at Far-end ; 10-90 Rise Time at Far-end ; 90-10 Fall Time at Far-end ; Monotonic Rise at Far-end ; Monotonic Fall at Far-end ;
+------------+--------------+---------------------+---------------------+------------------------------+------------------------------+---------------------+---------------------+--------------------------------------+--------------------------------------+-----------------------------+-----------------------------+----------------------------+----------------------------+-----------------------------+-----------------------------+--------------------+--------------------+-------------------------------------+-------------------------------------+----------------------------+----------------------------+---------------------------+---------------------------+
; I2C_SDA    ; 3.3-V LVTTL  ; 0 s                 ; 0 s                 ; 3.63 V                       ; 0.000238 V                   ; 3.64 V              ; -0.254 V            ; 0.052 V                              ; 0.543 V                              ; 4.59e-10 s                  ; 1.96e-10 s                  ; Yes                        ; No                         ; 3.63 V                      ; 0.000238 V                  ; 3.64 V             ; -0.254 V           ; 0.052 V                             ; 0.543 V                             ; 4.59e-10 s                 ; 1.96e-10 s                 ; Yes                       ; No                        ;
; AUD_XCK    ; 3.3-V LVTTL  ; 0 s                 ; 0 s                 ; 3.63 V                       ; 0.000229 V                   ; 3.65 V              ; -0.316 V            ; 0.041 V                              ; 0.53 V                               ; 4.29e-10 s                  ; 1.87e-10 s                  ; Yes                        ; No                         ; 3.63 V                      ; 0.000229 V                  ; 3.65 V             ; -0.316 V           ; 0.041 V                             ; 0.53 V                              ; 4.29e-10 s                 ; 1.87e-10 s                 ; Yes                       ; No                        ;
; AUD_DACDAT ; 3.3-V LVTTL  ; 0 s                 ; 0 s                 ; 3.63 V                       ; 0.000229 V                   ; 3.65 V              ; -0.316 V            ; 0.041 V                              ; 0.53 V                               ; 4.29e-10 s                  ; 1.87e-10 s                  ; Yes                        ; No                         ; 3.63 V                      ; 0.000229 V                  ; 3.65 V             ; -0.316 V           ; 0.041 V                             ; 0.53 V                              ; 4.29e-10 s                 ; 1.87e-10 s                 ; Yes                       ; No                        ;
; I2C_SCL    ; 3.3-V LVTTL  ; 0 s                 ; 0 s                 ; 3.63 V                       ; 0.000184 V                   ; 3.64 V              ; -0.19 V             ; 0.019 V                              ; 0.425 V                              ; 4.44e-10 s                  ; 1.91e-10 s                  ; Yes                        ; No                         ; 3.63 V                      ; 0.000184 V                  ; 3.64 V             ; -0.19 V            ; 0.019 V                             ; 0.425 V                             ; 4.44e-10 s                 ; 1.91e-10 s                 ; Yes                       ; No                        ;
; LED9       ; 3.3-V LVTTL  ; 0 s                 ; 0 s                 ; 3.63 V                       ; 0.000238 V                   ; 3.64 V              ; -0.254 V            ; 0.052 V                              ; 0.543 V                              ; 4.59e-10 s                  ; 1.96e-10 s                  ; Yes                        ; No                         ; 3.63 V                      ; 0.000238 V                  ; 3.64 V             ; -0.254 V           ; 0.052 V                             ; 0.543 V                             ; 4.59e-10 s                 ; 1.96e-10 s                 ; Yes                       ; No                        ;
; LED8       ; 3.3-V LVTTL  ; 0 s                 ; 0 s                 ; 3.63 V                       ; 0.000238 V                   ; 3.64 V              ; -0.254 V            ; 0.052 V                              ; 0.543 V                              ; 4.59e-10 s                  ; 1.96e-10 s                  ; Yes                        ; No                         ; 3.63 V                      ; 0.000238 V                  ; 3.64 V             ; -0.254 V           ; 0.052 V                             ; 0.543 V                             ; 4.59e-10 s                 ; 1.96e-10 s                 ; Yes                       ; No                        ;
; LED7       ; 3.3-V LVTTL  ; 0 s                 ; 0 s                 ; 3.63 V                       ; 0.000184 V                   ; 3.64 V              ; -0.19 V             ; 0.019 V                              ; 0.425 V                              ; 4.44e-10 s                  ; 1.91e-10 s                  ; Yes                        ; No                         ; 3.63 V                      ; 0.000184 V                  ; 3.64 V             ; -0.19 V            ; 0.019 V                             ; 0.425 V                             ; 4.44e-10 s                 ; 1.91e-10 s                 ; Yes                       ; No                        ;
; LED6       ; 3.3-V LVTTL  ; 0 s                 ; 0 s                 ; 3.63 V                       ; 0.000229 V                   ; 3.65 V              ; -0.319 V            ; 0.041 V                              ; 0.528 V                              ; 4.29e-10 s                  ; 1.87e-10 s                  ; Yes                        ; No                         ; 3.63 V                      ; 0.000229 V                  ; 3.65 V             ; -0.319 V           ; 0.041 V                             ; 0.528 V                             ; 4.29e-10 s                 ; 1.87e-10 s                 ; Yes                       ; No                        ;
; HEX0[6]    ; 3.3-V LVTTL  ; 0 s                 ; 0 s                 ; 3.63 V                       ; 0.000229 V                   ; 3.65 V              ; -0.319 V            ; 0.041 V                              ; 0.528 V                              ; 4.29e-10 s                  ; 1.87e-10 s                  ; Yes                        ; No                         ; 3.63 V                      ; 0.000229 V                  ; 3.65 V             ; -0.319 V           ; 0.041 V                             ; 0.528 V                             ; 4.29e-10 s                 ; 1.87e-10 s                 ; Yes                       ; No                        ;
; HEX0[5]    ; 3.3-V LVTTL  ; 0 s                 ; 0 s                 ; 3.63 V                       ; 0.000229 V                   ; 3.65 V              ; -0.316 V            ; 0.041 V                              ; 0.53 V                               ; 4.29e-10 s                  ; 1.87e-10 s                  ; Yes                        ; No                         ; 3.63 V                      ; 0.000229 V                  ; 3.65 V             ; -0.316 V           ; 0.041 V                             ; 0.53 V                              ; 4.29e-10 s                 ; 1.87e-10 s                 ; Yes                       ; No                        ;
; HEX0[4]    ; 3.3-V LVTTL  ; 0 s                 ; 0 s                 ; 3.63 V                       ; 0.000229 V                   ; 3.65 V              ; -0.316 V            ; 0.041 V                              ; 0.53 V                               ; 4.29e-10 s                  ; 1.87e-10 s                  ; Yes                        ; No                         ; 3.63 V                      ; 0.000229 V                  ; 3.65 V             ; -0.316 V           ; 0.041 V                             ; 0.53 V                              ; 4.29e-10 s                 ; 1.87e-10 s                 ; Yes                       ; No                        ;
; HEX0[3]    ; 3.3-V LVTTL  ; 0 s                 ; 0 s                 ; 3.63 V                       ; 0.000229 V                   ; 3.65 V              ; -0.316 V            ; 0.041 V                              ; 0.53 V                               ; 4.29e-10 s                  ; 1.87e-10 s                  ; Yes                        ; No                         ; 3.63 V                      ; 0.000229 V                  ; 3.65 V             ; -0.316 V           ; 0.041 V                             ; 0.53 V                              ; 4.29e-10 s                 ; 1.87e-10 s                 ; Yes                       ; No                        ;
; HEX0[2]    ; 3.3-V LVTTL  ; 0 s                 ; 0 s                 ; 3.63 V                       ; 0.000229 V                   ; 3.65 V              ; -0.319 V            ; 0.041 V                              ; 0.528 V                              ; 4.29e-10 s                  ; 1.87e-10 s                  ; Yes                        ; No                         ; 3.63 V                      ; 0.000229 V                  ; 3.65 V             ; -0.319 V           ; 0.041 V                             ; 0.528 V                             ; 4.29e-10 s                 ; 1.87e-10 s                 ; Yes                       ; No                        ;
; HEX0[1]    ; 3.3-V LVTTL  ; 0 s                 ; 0 s                 ; 3.63 V                       ; 0.000238 V                   ; 3.64 V              ; -0.254 V            ; 0.052 V                              ; 0.543 V                              ; 4.59e-10 s                  ; 1.96e-10 s                  ; Yes                        ; No                         ; 3.63 V                      ; 0.000238 V                  ; 3.64 V             ; -0.254 V           ; 0.052 V                             ; 0.543 V                             ; 4.59e-10 s                 ; 1.96e-10 s                 ; Yes                       ; No                        ;
; HEX0[0]    ; 3.3-V LVTTL  ; 0 s                 ; 0 s                 ; 3.63 V                       ; 0.000184 V                   ; 3.64 V              ; -0.19 V             ; 0.019 V                              ; 0.425 V                              ; 4.44e-10 s                  ; 1.91e-10 s                  ; Yes                        ; No                         ; 3.63 V                      ; 0.000184 V                  ; 3.64 V             ; -0.19 V            ; 0.019 V                             ; 0.425 V                             ; 4.44e-10 s                 ; 1.91e-10 s                 ; Yes                       ; No                        ;
; HEX1[6]    ; 3.3-V LVTTL  ; 0 s                 ; 0 s                 ; 3.63 V                       ; 0.000238 V                   ; 3.64 V              ; -0.254 V            ; 0.052 V                              ; 0.543 V                              ; 4.59e-10 s                  ; 1.96e-10 s                  ; Yes                        ; No                         ; 3.63 V                      ; 0.000238 V                  ; 3.64 V             ; -0.254 V           ; 0.052 V                             ; 0.543 V                             ; 4.59e-10 s                 ; 1.96e-10 s                 ; Yes                       ; No                        ;
; HEX1[5]    ; 3.3-V LVTTL  ; 0 s                 ; 0 s                 ; 3.63 V                       ; 0.000238 V                   ; 3.64 V              ; -0.254 V            ; 0.052 V                              ; 0.543 V                              ; 4.59e-10 s                  ; 1.96e-10 s                  ; Yes                        ; No                         ; 3.63 V                      ; 0.000238 V                  ; 3.64 V             ; -0.254 V           ; 0.052 V                             ; 0.543 V                             ; 4.59e-10 s                 ; 1.96e-10 s                 ; Yes                       ; No                        ;
; HEX1[4]    ; 3.3-V LVTTL  ; 0 s                 ; 0 s                 ; 3.63 V                       ; 0.000238 V                   ; 3.64 V              ; -0.254 V            ; 0.052 V                              ; 0.543 V                              ; 4.59e-10 s                  ; 1.96e-10 s                  ; Yes                        ; No                         ; 3.63 V                      ; 0.000238 V                  ; 3.64 V             ; -0.254 V           ; 0.052 V                             ; 0.543 V                             ; 4.59e-10 s                 ; 1.96e-10 s                 ; Yes                       ; No                        ;
; HEX1[3]    ; 3.3-V LVTTL  ; 0 s                 ; 0 s                 ; 3.63 V                       ; 0.000184 V                   ; 3.64 V              ; -0.19 V             ; 0.019 V                              ; 0.425 V                              ; 4.44e-10 s                  ; 1.91e-10 s                  ; Yes                        ; No                         ; 3.63 V                      ; 0.000184 V                  ; 3.64 V             ; -0.19 V            ; 0.019 V                             ; 0.425 V                             ; 4.44e-10 s                 ; 1.91e-10 s                 ; Yes                       ; No                        ;
; HEX1[2]    ; 3.3-V LVTTL  ; 0 s                 ; 0 s                 ; 3.63 V                       ; 0.000229 V                   ; 3.65 V              ; -0.316 V            ; 0.041 V                              ; 0.53 V                               ; 4.29e-10 s                  ; 1.87e-10 s                  ; Yes                        ; No                         ; 3.63 V                      ; 0.000229 V                  ; 3.65 V             ; -0.316 V           ; 0.041 V                             ; 0.53 V                              ; 4.29e-10 s                 ; 1.87e-10 s                 ; Yes                       ; No                        ;
; HEX1[1]    ; 3.3-V LVTTL  ; 0 s                 ; 0 s                 ; 3.63 V                       ; 0.000238 V                   ; 3.64 V              ; -0.254 V            ; 0.052 V                              ; 0.543 V                              ; 4.59e-10 s                  ; 1.96e-10 s                  ; Yes                        ; No                         ; 3.63 V                      ; 0.000238 V                  ; 3.64 V             ; -0.254 V           ; 0.052 V                             ; 0.543 V                             ; 4.59e-10 s                 ; 1.96e-10 s                 ; Yes                       ; No                        ;
; HEX1[0]    ; 3.3-V LVTTL  ; 0 s                 ; 0 s                 ; 3.63 V                       ; 0.000229 V                   ; 3.65 V              ; -0.319 V            ; 0.041 V                              ; 0.528 V                              ; 4.29e-10 s                  ; 1.87e-10 s                  ; Yes                        ; No                         ; 3.63 V                      ; 0.000229 V                  ; 3.65 V             ; -0.319 V           ; 0.041 V                             ; 0.528 V                             ; 4.29e-10 s                 ; 1.87e-10 s                 ; Yes                       ; No                        ;
; HEX2[6]    ; 3.3-V LVTTL  ; 0 s                 ; 0 s                 ; 3.63 V                       ; 0.000184 V                   ; 3.64 V              ; -0.19 V             ; 0.019 V                              ; 0.425 V                              ; 4.44e-10 s                  ; 1.91e-10 s                  ; Yes                        ; No                         ; 3.63 V                      ; 0.000184 V                  ; 3.64 V             ; -0.19 V            ; 0.019 V                             ; 0.425 V                             ; 4.44e-10 s                 ; 1.91e-10 s                 ; Yes                       ; No                        ;
; HEX2[5]    ; 3.3-V LVTTL  ; 0 s                 ; 0 s                 ; 3.63 V                       ; 0.000184 V                   ; 3.64 V              ; -0.19 V             ; 0.019 V                              ; 0.425 V                              ; 4.44e-10 s                  ; 1.91e-10 s                  ; Yes                        ; No                         ; 3.63 V                      ; 0.000184 V                  ; 3.64 V             ; -0.19 V            ; 0.019 V                             ; 0.425 V                             ; 4.44e-10 s                 ; 1.91e-10 s                 ; Yes                       ; No                        ;
; HEX2[4]    ; 3.3-V LVTTL  ; 0 s                 ; 0 s                 ; 3.63 V                       ; 0.000238 V                   ; 3.64 V              ; -0.254 V            ; 0.052 V                              ; 0.543 V                              ; 4.59e-10 s                  ; 1.96e-10 s                  ; Yes                        ; No                         ; 3.63 V                      ; 0.000238 V                  ; 3.64 V             ; -0.254 V           ; 0.052 V                             ; 0.543 V                             ; 4.59e-10 s                 ; 1.96e-10 s                 ; Yes                       ; No                        ;
; HEX2[3]    ; 3.3-V LVTTL  ; 0 s                 ; 0 s                 ; 3.63 V                       ; 0.000238 V                   ; 3.64 V              ; -0.254 V            ; 0.052 V                              ; 0.543 V                              ; 4.59e-10 s                  ; 1.96e-10 s                  ; Yes                        ; No                         ; 3.63 V                      ; 0.000238 V                  ; 3.64 V             ; -0.254 V           ; 0.052 V                             ; 0.543 V                             ; 4.59e-10 s                 ; 1.96e-10 s                 ; Yes                       ; No                        ;
; HEX2[2]    ; 3.3-V LVTTL  ; 0 s                 ; 0 s                 ; 3.63 V                       ; 0.000184 V                   ; 3.64 V              ; -0.19 V             ; 0.019 V                              ; 0.425 V                              ; 4.44e-10 s                  ; 1.91e-10 s                  ; Yes                        ; No                         ; 3.63 V                      ; 0.000184 V                  ; 3.64 V             ; -0.19 V            ; 0.019 V                             ; 0.425 V                             ; 4.44e-10 s                 ; 1.91e-10 s                 ; Yes                       ; No                        ;
; HEX2[1]    ; 3.3-V LVTTL  ; 0 s                 ; 0 s                 ; 3.63 V                       ; 0.000184 V                   ; 3.64 V              ; -0.19 V             ; 0.019 V                              ; 0.425 V                              ; 4.44e-10 s                  ; 1.91e-10 s                  ; Yes                        ; No                         ; 3.63 V                      ; 0.000184 V                  ; 3.64 V             ; -0.19 V            ; 0.019 V                             ; 0.425 V                             ; 4.44e-10 s                 ; 1.91e-10 s                 ; Yes                       ; No                        ;
; HEX2[0]    ; 3.3-V LVTTL  ; 0 s                 ; 0 s                 ; 3.63 V                       ; 0.000238 V                   ; 3.64 V              ; -0.254 V            ; 0.052 V                              ; 0.543 V                              ; 4.59e-10 s                  ; 1.96e-10 s                  ; Yes                        ; No                         ; 3.63 V                      ; 0.000238 V                  ; 3.64 V             ; -0.254 V           ; 0.052 V                             ; 0.543 V                             ; 4.59e-10 s                 ; 1.96e-10 s                 ; Yes                       ; No                        ;
; HEX3[6]    ; 3.3-V LVTTL  ; 0 s                 ; 0 s                 ; 3.63 V                       ; 0.000238 V                   ; 3.64 V              ; -0.254 V            ; 0.052 V                              ; 0.543 V                              ; 4.59e-10 s                  ; 1.96e-10 s                  ; Yes                        ; No                         ; 3.63 V                      ; 0.000238 V                  ; 3.64 V             ; -0.254 V           ; 0.052 V                             ; 0.543 V                             ; 4.59e-10 s                 ; 1.96e-10 s                 ; Yes                       ; No                        ;
; HEX3[5]    ; 3.3-V LVTTL  ; 0 s                 ; 0 s                 ; 3.63 V                       ; 0.000184 V                   ; 3.64 V              ; -0.19 V             ; 0.019 V                              ; 0.425 V                              ; 4.44e-10 s                  ; 1.91e-10 s                  ; Yes                        ; No                         ; 3.63 V                      ; 0.000184 V                  ; 3.64 V             ; -0.19 V            ; 0.019 V                             ; 0.425 V                             ; 4.44e-10 s                 ; 1.91e-10 s                 ; Yes                       ; No                        ;
; HEX3[4]    ; 3.3-V LVTTL  ; 0 s                 ; 0 s                 ; 3.63 V                       ; 0.000238 V                   ; 3.64 V              ; -0.254 V            ; 0.052 V                              ; 0.543 V                              ; 4.59e-10 s                  ; 1.96e-10 s                  ; Yes                        ; No                         ; 3.63 V                      ; 0.000238 V                  ; 3.64 V             ; -0.254 V           ; 0.052 V                             ; 0.543 V                             ; 4.59e-10 s                 ; 1.96e-10 s                 ; Yes                       ; No                        ;
; HEX3[3]    ; 3.3-V LVTTL  ; 0 s                 ; 0 s                 ; 3.63 V                       ; 0.000184 V                   ; 3.64 V              ; -0.19 V             ; 0.019 V                              ; 0.425 V                              ; 4.44e-10 s                  ; 1.91e-10 s                  ; Yes                        ; No                         ; 3.63 V                      ; 0.000184 V                  ; 3.64 V             ; -0.19 V            ; 0.019 V                             ; 0.425 V                             ; 4.44e-10 s                 ; 1.91e-10 s                 ; Yes                       ; No                        ;
; HEX3[2]    ; 3.3-V LVTTL  ; 0 s                 ; 0 s                 ; 3.63 V                       ; 0.000184 V                   ; 3.64 V              ; -0.19 V             ; 0.019 V                              ; 0.425 V                              ; 4.44e-10 s                  ; 1.91e-10 s                  ; Yes                        ; No                         ; 3.63 V                      ; 0.000184 V                  ; 3.64 V             ; -0.19 V            ; 0.019 V                             ; 0.425 V                             ; 4.44e-10 s                 ; 1.91e-10 s                 ; Yes                       ; No                        ;
; HEX3[1]    ; 3.3-V LVTTL  ; 0 s                 ; 0 s                 ; 3.63 V                       ; 0.000184 V                   ; 3.64 V              ; -0.19 V             ; 0.019 V                              ; 0.425 V                              ; 4.44e-10 s                  ; 1.91e-10 s                  ; Yes                        ; No                         ; 3.63 V                      ; 0.000184 V                  ; 3.64 V             ; -0.19 V            ; 0.019 V                             ; 0.425 V                             ; 4.44e-10 s                 ; 1.91e-10 s                 ; Yes                       ; No                        ;
; HEX3[0]    ; 3.3-V LVTTL  ; 0 s                 ; 0 s                 ; 3.63 V                       ; 0.000238 V                   ; 3.64 V              ; -0.254 V            ; 0.052 V                              ; 0.543 V                              ; 4.59e-10 s                  ; 1.96e-10 s                  ; Yes                        ; No                         ; 3.63 V                      ; 0.000238 V                  ; 3.64 V             ; -0.254 V           ; 0.052 V                             ; 0.543 V                             ; 4.59e-10 s                 ; 1.96e-10 s                 ; Yes                       ; No                        ;
; HEX4[6]    ; 3.3-V LVTTL  ; 0 s                 ; 0 s                 ; 3.63 V                       ; 0.000229 V                   ; 3.65 V              ; -0.319 V            ; 0.041 V                              ; 0.528 V                              ; 4.29e-10 s                  ; 1.87e-10 s                  ; Yes                        ; No                         ; 3.63 V                      ; 0.000229 V                  ; 3.65 V             ; -0.319 V           ; 0.041 V                             ; 0.528 V                             ; 4.29e-10 s                 ; 1.87e-10 s                 ; Yes                       ; No                        ;
; HEX4[5]    ; 3.3-V LVTTL  ; 0 s                 ; 0 s                 ; 3.63 V                       ; 0.000238 V                   ; 3.64 V              ; -0.254 V            ; 0.052 V                              ; 0.543 V                              ; 4.59e-10 s                  ; 1.96e-10 s                  ; Yes                        ; No                         ; 3.63 V                      ; 0.000238 V                  ; 3.64 V             ; -0.254 V           ; 0.052 V                             ; 0.543 V                             ; 4.59e-10 s                 ; 1.96e-10 s                 ; Yes                       ; No                        ;
; HEX4[4]    ; 3.3-V LVTTL  ; 0 s                 ; 0 s                 ; 3.63 V                       ; 0.000229 V                   ; 3.65 V              ; -0.316 V            ; 0.041 V                              ; 0.53 V                               ; 4.29e-10 s                  ; 1.87e-10 s                  ; Yes                        ; No                         ; 3.63 V                      ; 0.000229 V                  ; 3.65 V             ; -0.316 V           ; 0.041 V                             ; 0.53 V                              ; 4.29e-10 s                 ; 1.87e-10 s                 ; Yes                       ; No                        ;
; HEX4[3]    ; 3.3-V LVTTL  ; 0 s                 ; 0 s                 ; 3.63 V                       ; 0.000184 V                   ; 3.64 V              ; -0.19 V             ; 0.019 V                              ; 0.425 V                              ; 4.44e-10 s                  ; 1.91e-10 s                  ; Yes                        ; No                         ; 3.63 V                      ; 0.000184 V                  ; 3.64 V             ; -0.19 V            ; 0.019 V                             ; 0.425 V                             ; 4.44e-10 s                 ; 1.91e-10 s                 ; Yes                       ; No                        ;
; HEX4[2]    ; 3.3-V LVTTL  ; 0 s                 ; 0 s                 ; 3.63 V                       ; 0.000238 V                   ; 3.64 V              ; -0.254 V            ; 0.052 V                              ; 0.543 V                              ; 4.59e-10 s                  ; 1.96e-10 s                  ; Yes                        ; No                         ; 3.63 V                      ; 0.000238 V                  ; 3.64 V             ; -0.254 V           ; 0.052 V                             ; 0.543 V                             ; 4.59e-10 s                 ; 1.96e-10 s                 ; Yes                       ; No                        ;
; HEX4[1]    ; 3.3-V LVTTL  ; 0 s                 ; 0 s                 ; 3.63 V                       ; 0.000229 V                   ; 3.65 V              ; -0.316 V            ; 0.041 V                              ; 0.53 V                               ; 4.29e-10 s                  ; 1.87e-10 s                  ; Yes                        ; No                         ; 3.63 V                      ; 0.000229 V                  ; 3.65 V             ; -0.316 V           ; 0.041 V                             ; 0.53 V                              ; 4.29e-10 s                 ; 1.87e-10 s                 ; Yes                       ; No                        ;
; HEX4[0]    ; 3.3-V LVTTL  ; 0 s                 ; 0 s                 ; 3.63 V                       ; 0.000184 V                   ; 3.64 V              ; -0.19 V             ; 0.019 V                              ; 0.425 V                              ; 4.44e-10 s                  ; 1.91e-10 s                  ; Yes                        ; No                         ; 3.63 V                      ; 0.000184 V                  ; 3.64 V             ; -0.19 V            ; 0.019 V                             ; 0.425 V                             ; 4.44e-10 s                 ; 1.91e-10 s                 ; Yes                       ; No                        ;
; HEX5[6]    ; 3.3-V LVTTL  ; 0 s                 ; 0 s                 ; 3.63 V                       ; 0.000184 V                   ; 3.64 V              ; -0.19 V             ; 0.019 V                              ; 0.425 V                              ; 4.44e-10 s                  ; 1.91e-10 s                  ; Yes                        ; No                         ; 3.63 V                      ; 0.000184 V                  ; 3.64 V             ; -0.19 V            ; 0.019 V                             ; 0.425 V                             ; 4.44e-10 s                 ; 1.91e-10 s                 ; Yes                       ; No                        ;
; HEX5[5]    ; 3.3-V LVTTL  ; 0 s                 ; 0 s                 ; 3.63 V                       ; 0.000238 V                   ; 3.64 V              ; -0.254 V            ; 0.052 V                              ; 0.543 V                              ; 4.59e-10 s                  ; 1.96e-10 s                  ; Yes                        ; No                         ; 3.63 V                      ; 0.000238 V                  ; 3.64 V             ; -0.254 V           ; 0.052 V                             ; 0.543 V                             ; 4.59e-10 s                 ; 1.96e-10 s                 ; Yes                       ; No                        ;
; HEX5[4]    ; 3.3-V LVTTL  ; 0 s                 ; 0 s                 ; 3.63 V                       ; 0.000184 V                   ; 3.64 V              ; -0.19 V             ; 0.019 V                              ; 0.425 V                              ; 4.44e-10 s                  ; 1.91e-10 s                  ; Yes                        ; No                         ; 3.63 V                      ; 0.000184 V                  ; 3.64 V             ; -0.19 V            ; 0.019 V                             ; 0.425 V                             ; 4.44e-10 s                 ; 1.91e-10 s                 ; Yes                       ; No                        ;
; HEX5[3]    ; 3.3-V LVTTL  ; 0 s                 ; 0 s                 ; 3.63 V                       ; 0.000184 V                   ; 3.64 V              ; -0.19 V             ; 0.019 V                              ; 0.425 V                              ; 4.44e-10 s                  ; 1.91e-10 s                  ; Yes                        ; No                         ; 3.63 V                      ; 0.000184 V                  ; 3.64 V             ; -0.19 V            ; 0.019 V                             ; 0.425 V                             ; 4.44e-10 s                 ; 1.91e-10 s                 ; Yes                       ; No                        ;
; HEX5[2]    ; 3.3-V LVTTL  ; 0 s                 ; 0 s                 ; 3.63 V                       ; 0.000238 V                   ; 3.64 V              ; -0.254 V            ; 0.052 V                              ; 0.543 V                              ; 4.59e-10 s                  ; 1.96e-10 s                  ; Yes                        ; No                         ; 3.63 V                      ; 0.000238 V                  ; 3.64 V             ; -0.254 V           ; 0.052 V                             ; 0.543 V                             ; 4.59e-10 s                 ; 1.96e-10 s                 ; Yes                       ; No                        ;
; HEX5[1]    ; 3.3-V LVTTL  ; 0 s                 ; 0 s                 ; 3.63 V                       ; 0.000238 V                   ; 3.64 V              ; -0.254 V            ; 0.052 V                              ; 0.543 V                              ; 4.59e-10 s                  ; 1.96e-10 s                  ; Yes                        ; No                         ; 3.63 V                      ; 0.000238 V                  ; 3.64 V             ; -0.254 V           ; 0.052 V                             ; 0.543 V                             ; 4.59e-10 s                 ; 1.96e-10 s                 ; Yes                       ; No                        ;
; HEX5[0]    ; 3.3-V LVTTL  ; 0 s                 ; 0 s                 ; 3.63 V                       ; 0.000184 V                   ; 3.64 V              ; -0.19 V             ; 0.019 V                              ; 0.425 V                              ; 4.44e-10 s                  ; 1.91e-10 s                  ; Yes                        ; No                         ; 3.63 V                      ; 0.000184 V                  ; 3.64 V             ; -0.19 V            ; 0.019 V                             ; 0.425 V                             ; 4.44e-10 s                 ; 1.91e-10 s                 ; Yes                       ; No                        ;
+------------+--------------+---------------------+---------------------+------------------------------+------------------------------+---------------------+---------------------+--------------------------------------+--------------------------------------+-----------------------------+-----------------------------+----------------------------+----------------------------+-----------------------------+-----------------------------+--------------------+--------------------+-------------------------------------+-------------------------------------+----------------------------+----------------------------+---------------------------+---------------------------+


+-------------------------------------------------------------------------------------------------------------------------------------------------------------------------------------------------------------+
; Setup Transfers                                                                                                                                                                                             ;
+--------------------------------------------------------------------------------+--------------------------------------------------------------------------------+----------+----------+----------+----------+
; From Clock                                                                     ; To Clock                                                                       ; RR Paths ; FR Paths ; RF Paths ; FF Paths ;
+--------------------------------------------------------------------------------+--------------------------------------------------------------------------------+----------+----------+----------+----------+
; AUD_BCLK                                                                       ; AUD_BCLK                                                                       ; 1733     ; 0        ; 0        ; 0        ;
; inst1|pll_main_inst|altera_pll_i|cyclonev_pll|counter[0].output_counter|divclk ; AUD_BCLK                                                                       ; 3        ; 0        ; 0        ; 0        ;
; AUD_BCLK                                                                       ; inst1|pll_main_inst|altera_pll_i|cyclonev_pll|counter[0].output_counter|divclk ; 3        ; 0        ; 0        ; 0        ;
; inst1|pll_main_inst|altera_pll_i|cyclonev_pll|counter[0].output_counter|divclk ; inst1|pll_main_inst|altera_pll_i|cyclonev_pll|counter[0].output_counter|divclk ; 123      ; 0        ; 6        ; 1        ;
; inst1|pll_main_inst|altera_pll_i|cyclonev_pll|counter[0].output_counter|divclk ; inst1|pll_main_inst|altera_pll_i|cyclonev_pll|counter[2].output_counter|divclk ; 17       ; 0        ; 0        ; 0        ;
; inst1|pll_main_inst|altera_pll_i|cyclonev_pll|counter[2].output_counter|divclk ; inst1|pll_main_inst|altera_pll_i|cyclonev_pll|counter[2].output_counter|divclk ; 149      ; 0        ; 0        ; 0        ;
; oneshot_i2c:inst2|i2c_master:inst|data_clk                                     ; inst1|pll_main_inst|altera_pll_i|cyclonev_pll|counter[2].output_counter|divclk ; 16       ; 1        ; 0        ; 0        ;
; inst1|pll_main_inst|altera_pll_i|cyclonev_pll|counter[2].output_counter|divclk ; oneshot_i2c:inst2|i2c_master:inst|data_clk                                     ; 31       ; 0        ; 0        ; 0        ;
; oneshot_i2c:inst2|i2c_master:inst|data_clk                                     ; oneshot_i2c:inst2|i2c_master:inst|data_clk                                     ; 133      ; 14       ; 6        ; 1        ;
+--------------------------------------------------------------------------------+--------------------------------------------------------------------------------+----------+----------+----------+----------+
Entries labeled "false path" only account for clock-to-clock false paths and not path-based false paths. As a result, actual path counts may be lower than reported.


+-------------------------------------------------------------------------------------------------------------------------------------------------------------------------------------------------------------+
; Hold Transfers                                                                                                                                                                                              ;
+--------------------------------------------------------------------------------+--------------------------------------------------------------------------------+----------+----------+----------+----------+
; From Clock                                                                     ; To Clock                                                                       ; RR Paths ; FR Paths ; RF Paths ; FF Paths ;
+--------------------------------------------------------------------------------+--------------------------------------------------------------------------------+----------+----------+----------+----------+
; AUD_BCLK                                                                       ; AUD_BCLK                                                                       ; 1733     ; 0        ; 0        ; 0        ;
; inst1|pll_main_inst|altera_pll_i|cyclonev_pll|counter[0].output_counter|divclk ; AUD_BCLK                                                                       ; 3        ; 0        ; 0        ; 0        ;
; AUD_BCLK                                                                       ; inst1|pll_main_inst|altera_pll_i|cyclonev_pll|counter[0].output_counter|divclk ; 3        ; 0        ; 0        ; 0        ;
; inst1|pll_main_inst|altera_pll_i|cyclonev_pll|counter[0].output_counter|divclk ; inst1|pll_main_inst|altera_pll_i|cyclonev_pll|counter[0].output_counter|divclk ; 123      ; 0        ; 6        ; 1        ;
; inst1|pll_main_inst|altera_pll_i|cyclonev_pll|counter[0].output_counter|divclk ; inst1|pll_main_inst|altera_pll_i|cyclonev_pll|counter[2].output_counter|divclk ; 17       ; 0        ; 0        ; 0        ;
; inst1|pll_main_inst|altera_pll_i|cyclonev_pll|counter[2].output_counter|divclk ; inst1|pll_main_inst|altera_pll_i|cyclonev_pll|counter[2].output_counter|divclk ; 149      ; 0        ; 0        ; 0        ;
; oneshot_i2c:inst2|i2c_master:inst|data_clk                                     ; inst1|pll_main_inst|altera_pll_i|cyclonev_pll|counter[2].output_counter|divclk ; 16       ; 1        ; 0        ; 0        ;
; inst1|pll_main_inst|altera_pll_i|cyclonev_pll|counter[2].output_counter|divclk ; oneshot_i2c:inst2|i2c_master:inst|data_clk                                     ; 31       ; 0        ; 0        ; 0        ;
; oneshot_i2c:inst2|i2c_master:inst|data_clk                                     ; oneshot_i2c:inst2|i2c_master:inst|data_clk                                     ; 133      ; 14       ; 6        ; 1        ;
+--------------------------------------------------------------------------------+--------------------------------------------------------------------------------+----------+----------+----------+----------+
Entries labeled "false path" only account for clock-to-clock false paths and not path-based false paths. As a result, actual path counts may be lower than reported.


---------------
; Report TCCS ;
---------------
No dedicated SERDES Transmitter circuitry present in device or used in design


---------------
; Report RSKM ;
---------------
No non-DPA dedicated SERDES Receiver circuitry present in device or used in design


+------------------------------------------------+
; Unconstrained Paths Summary                    ;
+---------------------------------+-------+------+
; Property                        ; Setup ; Hold ;
+---------------------------------+-------+------+
; Illegal Clocks                  ; 0     ; 0    ;
; Unconstrained Clocks            ; 0     ; 0    ;
; Unconstrained Input Ports       ; 3     ; 3    ;
; Unconstrained Input Port Paths  ; 36    ; 36   ;
; Unconstrained Output Ports      ; 40    ; 40   ;
; Unconstrained Output Port Paths ; 127   ; 127  ;
+---------------------------------+-------+------+


+---------------------------------------------------------------------------------------------------------------------------------------------------------------------------------------------------+
; Clock Status Summary                                                                                                                                                                              ;
+------------------------------------------------------------------------------------+------------------------------------------------------------------------------------+-----------+-------------+
; Target                                                                             ; Clock                                                                              ; Type      ; Status      ;
+------------------------------------------------------------------------------------+------------------------------------------------------------------------------------+-----------+-------------+
; AUD_BCLK                                                                           ; AUD_BCLK                                                                           ; Base      ; Constrained ;
; clock_50                                                                           ; clock_50                                                                           ; Base      ; Constrained ;
; inst1|pll_main_inst|altera_pll_i|cyclonev_pll|counter[0].output_counter|divclk     ; inst1|pll_main_inst|altera_pll_i|cyclonev_pll|counter[0].output_counter|divclk     ; Generated ; Constrained ;
; inst1|pll_main_inst|altera_pll_i|cyclonev_pll|counter[1].output_counter|cascadeout ; inst1|pll_main_inst|altera_pll_i|cyclonev_pll|counter[1].output_counter|cascadeout ; Generated ; Constrained ;
; inst1|pll_main_inst|altera_pll_i|cyclonev_pll|counter[2].output_counter|divclk     ; inst1|pll_main_inst|altera_pll_i|cyclonev_pll|counter[2].output_counter|divclk     ; Generated ; Constrained ;
; inst1|pll_main_inst|altera_pll_i|cyclonev_pll|fpll_0|fpll|vcoph[0]                 ; inst1|pll_main_inst|altera_pll_i|cyclonev_pll|fpll_0|fpll|vcoph[0]                 ; Generated ; Constrained ;
; oneshot_i2c:inst2|i2c_master:inst|data_clk                                         ; oneshot_i2c:inst2|i2c_master:inst|data_clk                                         ; Base      ; Constrained ;
+------------------------------------------------------------------------------------+------------------------------------------------------------------------------------+-----------+-------------+


+----------------------------------------------------------------------------------------------------+
; Unconstrained Input Ports                                                                          ;
+-------------+--------------------------------------------------------------------------------------+
; Input Port  ; Comment                                                                              ;
+-------------+--------------------------------------------------------------------------------------+
; AUD_ADCDAT  ; No input delay, min/max delays, false-path exceptions, or max skew assignments found ;
; AUD_ADCLRCK ; No input delay, min/max delays, false-path exceptions, or max skew assignments found ;
; AUD_BCLK    ; No input delay, min/max delays, false-path exceptions, or max skew assignments found ;
+-------------+--------------------------------------------------------------------------------------+


+-----------------------------------------------------------------------------------------------------+
; Unconstrained Output Ports                                                                          ;
+-------------+---------------------------------------------------------------------------------------+
; Output Port ; Comment                                                                               ;
+-------------+---------------------------------------------------------------------------------------+
; AUD_XCK     ; No output delay, min/max delays, false-path exceptions, or max skew assignments found ;
; HEX0[0]     ; No output delay, min/max delays, false-path exceptions, or max skew assignments found ;
; HEX0[1]     ; No output delay, min/max delays, false-path exceptions, or max skew assignments found ;
; HEX0[2]     ; No output delay, min/max delays, false-path exceptions, or max skew assignments found ;
; HEX0[3]     ; No output delay, min/max delays, false-path exceptions, or max skew assignments found ;
; HEX0[4]     ; No output delay, min/max delays, false-path exceptions, or max skew assignments found ;
; HEX0[5]     ; No output delay, min/max delays, false-path exceptions, or max skew assignments found ;
; HEX0[6]     ; No output delay, min/max delays, false-path exceptions, or max skew assignments found ;
; HEX1[0]     ; No output delay, min/max delays, false-path exceptions, or max skew assignments found ;
; HEX1[1]     ; No output delay, min/max delays, false-path exceptions, or max skew assignments found ;
; HEX1[2]     ; No output delay, min/max delays, false-path exceptions, or max skew assignments found ;
; HEX1[3]     ; No output delay, min/max delays, false-path exceptions, or max skew assignments found ;
; HEX1[4]     ; No output delay, min/max delays, false-path exceptions, or max skew assignments found ;
; HEX1[5]     ; No output delay, min/max delays, false-path exceptions, or max skew assignments found ;
; HEX1[6]     ; No output delay, min/max delays, false-path exceptions, or max skew assignments found ;
; HEX2[0]     ; No output delay, min/max delays, false-path exceptions, or max skew assignments found ;
; HEX2[1]     ; No output delay, min/max delays, false-path exceptions, or max skew assignments found ;
; HEX2[2]     ; No output delay, min/max delays, false-path exceptions, or max skew assignments found ;
; HEX2[3]     ; No output delay, min/max delays, false-path exceptions, or max skew assignments found ;
; HEX2[4]     ; No output delay, min/max delays, false-path exceptions, or max skew assignments found ;
; HEX2[5]     ; No output delay, min/max delays, false-path exceptions, or max skew assignments found ;
; HEX2[6]     ; No output delay, min/max delays, false-path exceptions, or max skew assignments found ;
; HEX3[0]     ; No output delay, min/max delays, false-path exceptions, or max skew assignments found ;
; HEX3[1]     ; No output delay, min/max delays, false-path exceptions, or max skew assignments found ;
; HEX3[2]     ; No output delay, min/max delays, false-path exceptions, or max skew assignments found ;
; HEX3[3]     ; No output delay, min/max delays, false-path exceptions, or max skew assignments found ;
; HEX3[4]     ; No output delay, min/max delays, false-path exceptions, or max skew assignments found ;
; HEX3[5]     ; No output delay, min/max delays, false-path exceptions, or max skew assignments found ;
; HEX3[6]     ; No output delay, min/max delays, false-path exceptions, or max skew assignments found ;
; HEX4[0]     ; No output delay, min/max delays, false-path exceptions, or max skew assignments found ;
; HEX4[5]     ; No output delay, min/max delays, false-path exceptions, or max skew assignments found ;
; HEX4[6]     ; No output delay, min/max delays, false-path exceptions, or max skew assignments found ;
; HEX5[1]     ; No output delay, min/max delays, false-path exceptions, or max skew assignments found ;
; HEX5[2]     ; No output delay, min/max delays, false-path exceptions, or max skew assignments found ;
; I2C_SCL     ; No output delay, min/max delays, false-path exceptions, or max skew assignments found ;
; I2C_SDA     ; No output delay, min/max delays, false-path exceptions, or max skew assignments found ;
; LED6        ; No output delay, min/max delays, false-path exceptions, or max skew assignments found ;
; LED7        ; No output delay, min/max delays, false-path exceptions, or max skew assignments found ;
; LED8        ; No output delay, min/max delays, false-path exceptions, or max skew assignments found ;
; LED9        ; No output delay, min/max delays, false-path exceptions, or max skew assignments found ;
+-------------+---------------------------------------------------------------------------------------+


+----------------------------------------------------------------------------------------------------+
; Unconstrained Input Ports                                                                          ;
+-------------+--------------------------------------------------------------------------------------+
; Input Port  ; Comment                                                                              ;
+-------------+--------------------------------------------------------------------------------------+
; AUD_ADCDAT  ; No input delay, min/max delays, false-path exceptions, or max skew assignments found ;
; AUD_ADCLRCK ; No input delay, min/max delays, false-path exceptions, or max skew assignments found ;
; AUD_BCLK    ; No input delay, min/max delays, false-path exceptions, or max skew assignments found ;
+-------------+--------------------------------------------------------------------------------------+


+-----------------------------------------------------------------------------------------------------+
; Unconstrained Output Ports                                                                          ;
+-------------+---------------------------------------------------------------------------------------+
; Output Port ; Comment                                                                               ;
+-------------+---------------------------------------------------------------------------------------+
; AUD_XCK     ; No output delay, min/max delays, false-path exceptions, or max skew assignments found ;
; HEX0[0]     ; No output delay, min/max delays, false-path exceptions, or max skew assignments found ;
; HEX0[1]     ; No output delay, min/max delays, false-path exceptions, or max skew assignments found ;
; HEX0[2]     ; No output delay, min/max delays, false-path exceptions, or max skew assignments found ;
; HEX0[3]     ; No output delay, min/max delays, false-path exceptions, or max skew assignments found ;
; HEX0[4]     ; No output delay, min/max delays, false-path exceptions, or max skew assignments found ;
; HEX0[5]     ; No output delay, min/max delays, false-path exceptions, or max skew assignments found ;
; HEX0[6]     ; No output delay, min/max delays, false-path exceptions, or max skew assignments found ;
; HEX1[0]     ; No output delay, min/max delays, false-path exceptions, or max skew assignments found ;
; HEX1[1]     ; No output delay, min/max delays, false-path exceptions, or max skew assignments found ;
; HEX1[2]     ; No output delay, min/max delays, false-path exceptions, or max skew assignments found ;
; HEX1[3]     ; No output delay, min/max delays, false-path exceptions, or max skew assignments found ;
; HEX1[4]     ; No output delay, min/max delays, false-path exceptions, or max skew assignments found ;
; HEX1[5]     ; No output delay, min/max delays, false-path exceptions, or max skew assignments found ;
; HEX1[6]     ; No output delay, min/max delays, false-path exceptions, or max skew assignments found ;
; HEX2[0]     ; No output delay, min/max delays, false-path exceptions, or max skew assignments found ;
; HEX2[1]     ; No output delay, min/max delays, false-path exceptions, or max skew assignments found ;
; HEX2[2]     ; No output delay, min/max delays, false-path exceptions, or max skew assignments found ;
; HEX2[3]     ; No output delay, min/max delays, false-path exceptions, or max skew assignments found ;
; HEX2[4]     ; No output delay, min/max delays, false-path exceptions, or max skew assignments found ;
; HEX2[5]     ; No output delay, min/max delays, false-path exceptions, or max skew assignments found ;
; HEX2[6]     ; No output delay, min/max delays, false-path exceptions, or max skew assignments found ;
; HEX3[0]     ; No output delay, min/max delays, false-path exceptions, or max skew assignments found ;
; HEX3[1]     ; No output delay, min/max delays, false-path exceptions, or max skew assignments found ;
; HEX3[2]     ; No output delay, min/max delays, false-path exceptions, or max skew assignments found ;
; HEX3[3]     ; No output delay, min/max delays, false-path exceptions, or max skew assignments found ;
; HEX3[4]     ; No output delay, min/max delays, false-path exceptions, or max skew assignments found ;
; HEX3[5]     ; No output delay, min/max delays, false-path exceptions, or max skew assignments found ;
; HEX3[6]     ; No output delay, min/max delays, false-path exceptions, or max skew assignments found ;
; HEX4[0]     ; No output delay, min/max delays, false-path exceptions, or max skew assignments found ;
; HEX4[5]     ; No output delay, min/max delays, false-path exceptions, or max skew assignments found ;
; HEX4[6]     ; No output delay, min/max delays, false-path exceptions, or max skew assignments found ;
; HEX5[1]     ; No output delay, min/max delays, false-path exceptions, or max skew assignments found ;
; HEX5[2]     ; No output delay, min/max delays, false-path exceptions, or max skew assignments found ;
; I2C_SCL     ; No output delay, min/max delays, false-path exceptions, or max skew assignments found ;
; I2C_SDA     ; No output delay, min/max delays, false-path exceptions, or max skew assignments found ;
; LED6        ; No output delay, min/max delays, false-path exceptions, or max skew assignments found ;
; LED7        ; No output delay, min/max delays, false-path exceptions, or max skew assignments found ;
; LED8        ; No output delay, min/max delays, false-path exceptions, or max skew assignments found ;
; LED9        ; No output delay, min/max delays, false-path exceptions, or max skew assignments found ;
+-------------+---------------------------------------------------------------------------------------+


+--------------------------+
; Timing Analyzer Messages ;
+--------------------------+
Info: *******************************************************************
Info: Running Quartus Prime Timing Analyzer
    Info: Version 23.1std.1 Build 993 05/14/2024 SC Lite Edition
    Info: Processing started: Tue Feb 25 16:35:38 2025
Info: Command: quartus_sta FACE -c FACE
Info: qsta_default_script.tcl version: #1
Warning (18236): Number of processors has not been specified which may cause overloading on shared machines.  Set the global assignment NUM_PARALLEL_PROCESSORS in your QSF to an appropriate value for best performance.
Info (20030): Parallel compilation is enabled and will use 16 of the 16 processors detected
Info (21077): Low junction temperature is 0 degrees C
Info (21077): High junction temperature is 85 degrees C
Info (332164): Evaluating HDL-embedded SDC commands
    Info (332165): Entity dcfifo_1rk1
        Info (332166): set_false_path -from *rdptr_g* -to *ws_dgrp|dffpipe_tu8:dffpipe13|dffe14a* 
        Info (332166): set_false_path -from *delayed_wrptr_g* -to *rs_dgwp|dffpipe_su8:dffpipe10|dffe11a* 
Critical Warning (332012): Synopsys Design Constraints File file not found: 'FACE.sdc'. A Synopsys Design Constraints File is required by the Timing Analyzer to get proper timing constraints. Without it, the Compiler will not properly optimize the design.
Info (332142): No user constrained generated clocks found in the design. Calling "derive_pll_clocks -create_base_clocks"
Info (332110): Deriving PLL clocks
    Info (332110): create_clock -period 20.000 -waveform {0.000 10.000} -name clock_50 clock_50
    Info (332110): create_generated_clock -source {inst1|pll_main_inst|altera_pll_i|cyclonev_pll|counter[1].output_counter|vco0ph[0]} -divide_by 250 -duty_cycle 50.00 -name {inst1|pll_main_inst|altera_pll_i|cyclonev_pll|counter[1].output_counter|cascadeout} {inst1|pll_main_inst|altera_pll_i|cyclonev_pll|counter[1].output_counter|cascadeout}
    Info (332110): create_generated_clock -source {inst1|pll_main_inst|altera_pll_i|cyclonev_pll|counter[0].output_counter|vco0ph[0]} -divide_by 25 -duty_cycle 50.00 -name {inst1|pll_main_inst|altera_pll_i|cyclonev_pll|counter[0].output_counter|divclk} {inst1|pll_main_inst|altera_pll_i|cyclonev_pll|counter[0].output_counter|divclk}
    Info (332110): create_generated_clock -source {inst1|pll_main_inst|altera_pll_i|cyclonev_pll|fpll_0|fpll|refclkin} -divide_by 2 -multiply_by 12 -duty_cycle 50.00 -name {inst1|pll_main_inst|altera_pll_i|cyclonev_pll|fpll_0|fpll|vcoph[0]} {inst1|pll_main_inst|altera_pll_i|cyclonev_pll|fpll_0|fpll|vcoph[0]}
    Info (332110): create_generated_clock -source {inst1|pll_main_inst|altera_pll_i|cyclonev_pll|counter[2].output_counter|cascadein} -divide_by 3 -duty_cycle 50.00 -name {inst1|pll_main_inst|altera_pll_i|cyclonev_pll|counter[2].output_counter|divclk} {inst1|pll_main_inst|altera_pll_i|cyclonev_pll|counter[2].output_counter|divclk}
Info (332142): No user constrained base clocks found in the design. Calling "derive_clocks -period 1.0"
Info (332105): Deriving Clocks
    Info (332105): create_clock -period 1.000 -name AUD_BCLK AUD_BCLK
    Info (332105): create_clock -period 1.000 -name oneshot_i2c:inst2|i2c_master:inst|data_clk oneshot_i2c:inst2|i2c_master:inst|data_clk
Info (332097): The following timing edges are non-unate.  The Timing Analyzer will assume pos-unate behavior for these edges in the clock network.
    Info (332098): Cell: inst1|pll_main_inst|altera_pll_i|cyclonev_pll|counter[0].output_counter  from: vco0ph[0]  to: divclk
    Info (332098): Cell: inst1|pll_main_inst|altera_pll_i|cyclonev_pll|counter[2].output_counter  from: vco0ph[0]  to: divclk
    Info (332098): Cell: inst1|pll_main_inst|altera_pll_i|cyclonev_pll|fpll_0|REFCLK_SELECT  from: clkin[0]  to: clkout
    Info (332098): Cell: inst1|pll_main_inst|altera_pll_i|cyclonev_pll|fpll_0|fpll  from: refclkin  to: fbclk
Info (332143): No user constrained clock uncertainty found in the design. Calling "derive_clock_uncertainty"
Info (332123): Deriving Clock Uncertainty. Please refer to report_sdc in the Timing Analyzer to see clock uncertainties.
Info: Found TIMING_ANALYZER_REPORT_SCRIPT_INCLUDE_DEFAULT_ANALYSIS = ON
Info: Analyzing Slow 1100mV 85C Model
Critical Warning (332148): Timing requirements not met
    Info (11105): For recommendations on closing timing, run Report Timing Closure Recommendations in the Timing Analyzer.
Info (332146): Worst-case setup slack is -9.533
    Info (332119):     Slack       End Point TNS Clock 
    Info (332119): ========= =================== =====================
    Info (332119):    -9.533            -142.526 oneshot_i2c:inst2|i2c_master:inst|data_clk 
    Info (332119):    -6.893             -35.654 inst1|pll_main_inst|altera_pll_i|cyclonev_pll|counter[2].output_counter|divclk 
    Info (332119):    -2.443             -96.713 AUD_BCLK 
    Info (332119):    38.890               0.000 inst1|pll_main_inst|altera_pll_i|cyclonev_pll|counter[0].output_counter|divclk 
Info (332146): Worst-case hold slack is -7.708
    Info (332119):     Slack       End Point TNS Clock 
    Info (332119): ========= =================== =====================
    Info (332119):    -7.708             -88.424 inst1|pll_main_inst|altera_pll_i|cyclonev_pll|counter[2].output_counter|divclk 
    Info (332119):     0.284               0.000 inst1|pll_main_inst|altera_pll_i|cyclonev_pll|counter[0].output_counter|divclk 
    Info (332119):     0.326               0.000 AUD_BCLK 
    Info (332119):     0.479               0.000 oneshot_i2c:inst2|i2c_master:inst|data_clk 
Info (332140): No Recovery paths to report
Info (332140): No Removal paths to report
Info (332146): Worst-case minimum pulse width slack is -2.174
    Info (332119):     Slack       End Point TNS Clock 
    Info (332119): ========= =================== =====================
    Info (332119):    -2.174            -139.374 AUD_BCLK 
    Info (332119):    -0.394             -13.803 oneshot_i2c:inst2|i2c_master:inst|data_clk 
    Info (332119):     1.666               0.000 inst1|pll_main_inst|altera_pll_i|cyclonev_pll|fpll_0|fpll|vcoph[0] 
    Info (332119):     9.670               0.000 clock_50 
    Info (332119):    40.454               0.000 inst1|pll_main_inst|altera_pll_i|cyclonev_pll|counter[0].output_counter|divclk 
    Info (332119):   416.666               0.000 inst1|pll_main_inst|altera_pll_i|cyclonev_pll|counter[1].output_counter|cascadeout 
    Info (332119):  1249.293               0.000 inst1|pll_main_inst|altera_pll_i|cyclonev_pll|counter[2].output_counter|divclk 
Info (332114): Report Metastability: Found 6 synchronizer chains.
    Info (332114): Design MTBF is not calculated because the design doesn't meet its timing requirements.
Info: Analyzing Slow 1100mV 0C Model
Info (334003): Started post-fitting delay annotation
Info (334004): Delay annotation completed successfully
Info (332097): The following timing edges are non-unate.  The Timing Analyzer will assume pos-unate behavior for these edges in the clock network.
    Info (332098): Cell: inst1|pll_main_inst|altera_pll_i|cyclonev_pll|counter[0].output_counter  from: vco0ph[0]  to: divclk
    Info (332098): Cell: inst1|pll_main_inst|altera_pll_i|cyclonev_pll|counter[2].output_counter  from: vco0ph[0]  to: divclk
    Info (332098): Cell: inst1|pll_main_inst|altera_pll_i|cyclonev_pll|fpll_0|REFCLK_SELECT  from: clkin[0]  to: clkout
    Info (332098): Cell: inst1|pll_main_inst|altera_pll_i|cyclonev_pll|fpll_0|fpll  from: refclkin  to: fbclk
Info (332123): Deriving Clock Uncertainty. Please refer to report_sdc in the Timing Analyzer to see clock uncertainties.
Critical Warning (332148): Timing requirements not met
    Info (11105): For recommendations on closing timing, run Report Timing Closure Recommendations in the Timing Analyzer.
Info (332146): Worst-case setup slack is -9.752
    Info (332119):     Slack       End Point TNS Clock 
    Info (332119): ========= =================== =====================
    Info (332119):    -9.752            -144.198 oneshot_i2c:inst2|i2c_master:inst|data_clk 
    Info (332119):    -6.091             -30.343 inst1|pll_main_inst|altera_pll_i|cyclonev_pll|counter[2].output_counter|divclk 
    Info (332119):    -2.351             -91.604 AUD_BCLK 
    Info (332119):    38.872               0.000 inst1|pll_main_inst|altera_pll_i|cyclonev_pll|counter[0].output_counter|divclk 
Info (332146): Worst-case hold slack is -7.968
    Info (332119):     Slack       End Point TNS Clock 
    Info (332119): ========= =================== =====================
    Info (332119):    -7.968             -95.934 inst1|pll_main_inst|altera_pll_i|cyclonev_pll|counter[2].output_counter|divclk 
    Info (332119):     0.263               0.000 AUD_BCLK 
    Info (332119):     0.270               0.000 inst1|pll_main_inst|altera_pll_i|cyclonev_pll|counter[0].output_counter|divclk 
    Info (332119):     0.452               0.000 oneshot_i2c:inst2|i2c_master:inst|data_clk 
Info (332140): No Recovery paths to report
Info (332140): No Removal paths to report
Info (332146): Worst-case minimum pulse width slack is -2.174
    Info (332119):     Slack       End Point TNS Clock 
    Info (332119): ========= =================== =====================
    Info (332119):    -2.174            -137.949 AUD_BCLK 
    Info (332119):    -0.394             -13.874 oneshot_i2c:inst2|i2c_master:inst|data_clk 
    Info (332119):     1.666               0.000 inst1|pll_main_inst|altera_pll_i|cyclonev_pll|fpll_0|fpll|vcoph[0] 
    Info (332119):     9.673               0.000 clock_50 
    Info (332119):    40.433               0.000 inst1|pll_main_inst|altera_pll_i|cyclonev_pll|counter[0].output_counter|divclk 
    Info (332119):   416.666               0.000 inst1|pll_main_inst|altera_pll_i|cyclonev_pll|counter[1].output_counter|cascadeout 
    Info (332119):  1249.252               0.000 inst1|pll_main_inst|altera_pll_i|cyclonev_pll|counter[2].output_counter|divclk 
Info (332114): Report Metastability: Found 6 synchronizer chains.
    Info (332114): Design MTBF is not calculated because the design doesn't meet its timing requirements.
Info: Analyzing Fast 1100mV 85C Model
Info (334003): Started post-fitting delay annotation
Info (334004): Delay annotation completed successfully
Info (332097): The following timing edges are non-unate.  The Timing Analyzer will assume pos-unate behavior for these edges in the clock network.
    Info (332098): Cell: inst1|pll_main_inst|altera_pll_i|cyclonev_pll|counter[0].output_counter  from: vco0ph[0]  to: divclk
    Info (332098): Cell: inst1|pll_main_inst|altera_pll_i|cyclonev_pll|counter[2].output_counter  from: vco0ph[0]  to: divclk
    Info (332098): Cell: inst1|pll_main_inst|altera_pll_i|cyclonev_pll|fpll_0|REFCLK_SELECT  from: clkin[0]  to: clkout
    Info (332098): Cell: inst1|pll_main_inst|altera_pll_i|cyclonev_pll|fpll_0|fpll  from: refclkin  to: fbclk
Info (332123): Deriving Clock Uncertainty. Please refer to report_sdc in the Timing Analyzer to see clock uncertainties.
Critical Warning (332148): Timing requirements not met
    Info (11105): For recommendations on closing timing, run Report Timing Closure Recommendations in the Timing Analyzer.
Info (332146): Worst-case setup slack is -6.481
    Info (332119):     Slack       End Point TNS Clock 
    Info (332119): ========= =================== =====================
    Info (332119):    -6.481             -92.214 oneshot_i2c:inst2|i2c_master:inst|data_clk 
    Info (332119):    -4.710             -24.474 inst1|pll_main_inst|altera_pll_i|cyclonev_pll|counter[2].output_counter|divclk 
    Info (332119):    -0.993             -35.242 AUD_BCLK 
    Info (332119):    39.989               0.000 inst1|pll_main_inst|altera_pll_i|cyclonev_pll|counter[0].output_counter|divclk 
Info (332146): Worst-case hold slack is -5.896
    Info (332119):     Slack       End Point TNS Clock 
    Info (332119): ========= =================== =====================
    Info (332119):    -5.896             -75.512 inst1|pll_main_inst|altera_pll_i|cyclonev_pll|counter[2].output_counter|divclk 
    Info (332119):     0.147               0.000 AUD_BCLK 
    Info (332119):     0.169               0.000 inst1|pll_main_inst|altera_pll_i|cyclonev_pll|counter[0].output_counter|divclk 
    Info (332119):     0.216               0.000 oneshot_i2c:inst2|i2c_master:inst|data_clk 
Info (332140): No Recovery paths to report
Info (332140): No Removal paths to report
Info (332146): Worst-case minimum pulse width slack is -2.174
    Info (332119):     Slack       End Point TNS Clock 
    Info (332119): ========= =================== =====================
    Info (332119):    -2.174            -143.688 AUD_BCLK 
    Info (332119):     0.115               0.000 oneshot_i2c:inst2|i2c_master:inst|data_clk 
    Info (332119):     1.666               0.000 inst1|pll_main_inst|altera_pll_i|cyclonev_pll|fpll_0|fpll|vcoph[0] 
    Info (332119):     9.336               0.000 clock_50 
    Info (332119):    40.556               0.000 inst1|pll_main_inst|altera_pll_i|cyclonev_pll|counter[0].output_counter|divclk 
    Info (332119):   416.666               0.000 inst1|pll_main_inst|altera_pll_i|cyclonev_pll|counter[1].output_counter|cascadeout 
    Info (332119):  1249.551               0.000 inst1|pll_main_inst|altera_pll_i|cyclonev_pll|counter[2].output_counter|divclk 
Info (332114): Report Metastability: Found 6 synchronizer chains.
    Info (332114): Design MTBF is not calculated because the design doesn't meet its timing requirements.
Info: Analyzing Fast 1100mV 0C Model
Info (332097): The following timing edges are non-unate.  The Timing Analyzer will assume pos-unate behavior for these edges in the clock network.
    Info (332098): Cell: inst1|pll_main_inst|altera_pll_i|cyclonev_pll|counter[0].output_counter  from: vco0ph[0]  to: divclk
    Info (332098): Cell: inst1|pll_main_inst|altera_pll_i|cyclonev_pll|counter[2].output_counter  from: vco0ph[0]  to: divclk
    Info (332098): Cell: inst1|pll_main_inst|altera_pll_i|cyclonev_pll|fpll_0|REFCLK_SELECT  from: clkin[0]  to: clkout
    Info (332098): Cell: inst1|pll_main_inst|altera_pll_i|cyclonev_pll|fpll_0|fpll  from: refclkin  to: fbclk
Info (332123): Deriving Clock Uncertainty. Please refer to report_sdc in the Timing Analyzer to see clock uncertainties.
Critical Warning (332148): Timing requirements not met
    Info (11105): For recommendations on closing timing, run Report Timing Closure Recommendations in the Timing Analyzer.
Info (332146): Worst-case setup slack is -6.506
    Info (332119):     Slack       End Point TNS Clock 
    Info (332119): ========= =================== =====================
    Info (332119):    -6.506             -91.506 oneshot_i2c:inst2|i2c_master:inst|data_clk 
    Info (332119):    -3.572             -17.438 inst1|pll_main_inst|altera_pll_i|cyclonev_pll|counter[2].output_counter|divclk 
    Info (332119):    -0.799             -27.656 AUD_BCLK 
    Info (332119):    40.138               0.000 inst1|pll_main_inst|altera_pll_i|cyclonev_pll|counter[0].output_counter|divclk 
Info (332146): Worst-case hold slack is -6.054
    Info (332119):     Slack       End Point TNS Clock 
    Info (332119): ========= =================== =====================
    Info (332119):    -6.054             -82.042 inst1|pll_main_inst|altera_pll_i|cyclonev_pll|counter[2].output_counter|divclk 
    Info (332119):     0.094               0.000 AUD_BCLK 
    Info (332119):     0.153               0.000 inst1|pll_main_inst|altera_pll_i|cyclonev_pll|counter[0].output_counter|divclk 
    Info (332119):     0.185               0.000 oneshot_i2c:inst2|i2c_master:inst|data_clk 
Info (332140): No Recovery paths to report
Info (332140): No Removal paths to report
Info (332146): Worst-case minimum pulse width slack is -2.174
    Info (332119):     Slack       End Point TNS Clock 
    Info (332119): ========= =================== =====================
    Info (332119):    -2.174            -151.238 AUD_BCLK 
    Info (332119):     0.126               0.000 oneshot_i2c:inst2|i2c_master:inst|data_clk 
    Info (332119):     1.666               0.000 inst1|pll_main_inst|altera_pll_i|cyclonev_pll|fpll_0|fpll|vcoph[0] 
    Info (332119):     9.286               0.000 clock_50 
    Info (332119):    40.557               0.000 inst1|pll_main_inst|altera_pll_i|cyclonev_pll|counter[0].output_counter|divclk 
    Info (332119):   416.666               0.000 inst1|pll_main_inst|altera_pll_i|cyclonev_pll|counter[1].output_counter|cascadeout 
    Info (332119):  1249.541               0.000 inst1|pll_main_inst|altera_pll_i|cyclonev_pll|counter[2].output_counter|divclk 
Info (332114): Report Metastability: Found 6 synchronizer chains.
    Info (332114): Design MTBF is not calculated because the design doesn't meet its timing requirements.
Info (332102): Design is not fully constrained for setup requirements
Info (332102): Design is not fully constrained for hold requirements
Info: Quartus Prime Timing Analyzer was successful. 0 errors, 6 warnings
    Info: Peak virtual memory: 5367 megabytes
    Info: Processing ended: Tue Feb 25 16:35:41 2025
    Info: Elapsed time: 00:00:03
    Info: Total CPU time (on all processors): 00:00:04


